source_mat_id_orig,source_mat_id,source_mat_id_an,ref_code,ref_code_sam,ref_code_seq,nucl_acid_ext,nucl_acid_amp,lib_reads_seqd,lib_layout,target_gene,target_subfragment,ampl_size,pcr_primers,mid,adapters,pcr_cond,seq_quality_check,instrument_model,dna_conc,dna_quant,dna_conc_method,library_source,run,reads_name,reads_name_rsq,mock_pr,mock_eu,url_seq,sop_seq,ENA_accesion_number_umbrella,ENA_accesion_number_project,extraction_blank,pcr_blank_1,pcr_blank_2,seq_batch,comment,flowcell,no_cycl_R1,lane,tag,dna_quant_lib,run_date,hom_percentage,QC_valid,QC_summary,bioinf_valid
EMOBON_OOB_So_210608_micro_1,EMOBON_OOB_So_1,EMOBON_OOB_So_1_metag,EMOBON00001,DBG_AAAA,DBH_AAAA,https://www.qiagen.com/us/products/discovery-and-translational-research/dna-rna-purification/dna-purification/microbial-dna/dneasy-powersoil-pro-kit?catno=47016,metag,58079642,PAIRED,metag,metag,metag,metag,NA,NA,DNA Polymerase:taq Q5;NoPCRs:2;PCRvolume:30;Nocycles:10,software,Illumina NovaSeq 6000,1.7,125.8,Qubit dsDNA BR (Broad range) Assays kit; Qubit 2.0 Fluorometer,METAGENOMIC,220223_JARVIS_HWLTKDRXY,DBH_AAAAOSDA_1_HWLTKDRXY.UDI235,NA,DDC_AAAAOSDA_1_HWLTKDRXY.UDI212,DDC_AAABOSDA_1_HWLTKDRXY.UDI213,NA,Prod_ILL_BqADN_NEBUII_151_v4; Bq NEB Next Ultra II,PRJEB51688,PRJEB51665,NA,NA,NA,batch_1,NA,SP,151,1,UDI235,85,23-02-22,0.01,Y,Adaptateurs/Kmers,Y
EMOBON_ESC68N_Wa_210830_3um_1,EMOBON_ESC68N_Wa_1,EMOBON_ESC68N_Wa_1_metag,EMOBON00003,DBD_AAAK,DBB_AABC,https://www.protocols.io/view/cryogrinding-protocol-mecanic-lysis-of-planktonic-n92ldyq88l5b/v1; https://www.protocols.io/view/rna-dna-extraction-from-plankton-natural-samples-u-eq2lynz2qvx9/v1; https://www.fishersci.com/shop/products/nucleospin-rna-ii-740955-250/NC0707522; https://www.mn-net.com/lysis-buffer-ra1-740961,metag,85129819,PAIRED,metag,metag,metag,metag,NA,NA,DNA Polymerase:taq Q5;NoPCRs:2;PCRvolume:30;Nocycles:10,software,Illumina NovaSeq 6000,3.69,361.6,Qubit dsDNA BR (Broad range) Assays kit; Qubit 2.0 Fluorometer,METAGENOMIC,220622_JARVIS_HMGW5DSX3,DBB_AABCOSDA_4_HMGW5DSX3.UDI207,NA,DDC_AAAAOSDA_4_HMGW5DSX3.UDI201,DDC_AAABOSDA_4_HMGW5DSX3.UDI213,NA,Prod_ILL_BqADN_NEBUII_151_v4; Bq NEB Next Ultra II,PRJEB51688,PRJEB51654,NA,NA,NA,batch_1,NA,S4,151,4,UDI207,100,22-06-22,0.17,Y,Dimère adaptateur,Y
EMOBON_ESC68N_Wa_210830_3um_2,EMOBON_ESC68N_Wa_2,EMOBON_ESC68N_Wa_2_metag,EMOBON00004,DBD_AAAL,DBB_AABD,https://www.protocols.io/view/cryogrinding-protocol-mecanic-lysis-of-planktonic-n92ldyq88l5b/v1; https://www.protocols.io/view/rna-dna-extraction-from-plankton-natural-samples-u-eq2lynz2qvx9/v1; https://www.fishersci.com/shop/products/nucleospin-rna-ii-740955-250/NC0707522; https://www.mn-net.com/lysis-buffer-ra1-740961,metag,81370157,PAIRED,metag,metag,metag,metag,NA,NA,DNA Polymerase:taq Q5;NoPCRs:2;PCRvolume:30;Nocycles:10,software,Illumina NovaSeq 6000,5.05,494.9,Qubit dsDNA BR (Broad range) Assays kit; Qubit 2.0 Fluorometer,METAGENOMIC,220622_JARVIS_HMGW5DSX3,DBB_AABDOSDA_4_HMGW5DSX3.UDI219,NA,DDC_AAAAOSDA_4_HMGW5DSX3.UDI201,DDC_AAABOSDA_4_HMGW5DSX3.UDI213,NA,Prod_ILL_BqADN_NEBUII_151_v4; Bq NEB Next Ultra II,PRJEB51688,PRJEB51654,NA,NA,NA,batch_1,NA,S4,151,4,UDI219,100,22-06-22,0.21,Y,Dimère adaptateur,Y
EMOBON_ESC68N_Wa_210830_0.2um_1,EMOBON_ESC68N_Wa_3,EMOBON_ESC68N_Wa_3_metag,EMOBON00005,DBD_AAAM,DBB_AABE,https://www.protocols.io/view/cryogrinding-protocol-mecanic-lysis-of-planktonic-n92ldyq88l5b/v1; https://www.protocols.io/view/rna-dna-extraction-from-plankton-natural-samples-u-eq2lynz2qvx9/v1; https://www.fishersci.com/shop/products/nucleospin-rna-ii-740955-250/NC0707522; https://www.mn-net.com/lysis-buffer-ra1-740961,metag,52904712,PAIRED,metag,metag,metag,metag,NA,NA,DNA Polymerase:taq Q5;NoPCRs:2;PCRvolume:30;Nocycles:10,software,Illumina NovaSeq 6000,4.29,420.4,Qubit dsDNA BR (Broad range) Assays kit; Qubit 2.0 Fluorometer,METAGENOMIC,220712_JARVIS_HMNJKDSX3,DBB_AABEOSDA_1_HMNJKDSX3.UDI231,NA,DDC_AAAAOSDA_1_HMNJKDSX3.UDI201,NA,NA,Prod_ILL_BqADN_NEBUII_151_v4; Bq NEB Next Ultra II,PRJEB51688,PRJEB51654,NA,NA,NA,batch_1,NA,S4,151,1,UDI231,100,12-07-22,0.02,Y,"Duplicat pairs > 20,Adaptateurs/Kmers",Y
EMOBON_ESC68N_Wa_210830_0.2um_2,EMOBON_ESC68N_Wa_4,EMOBON_ESC68N_Wa_4_metag,EMOBON00006,DBD_AAAN,DBB_AABF,https://www.protocols.io/view/cryogrinding-protocol-mecanic-lysis-of-planktonic-n92ldyq88l5b/v1; https://www.protocols.io/view/rna-dna-extraction-from-plankton-natural-samples-u-eq2lynz2qvx9/v1; https://www.fishersci.com/shop/products/nucleospin-rna-ii-740955-250/NC0707522; https://www.mn-net.com/lysis-buffer-ra1-740961,metag,54961453,PAIRED,metag,metag,metag,metag,NA,NA,DNA Polymerase:taq Q5;NoPCRs:2;PCRvolume:30;Nocycles:10,software,Illumina NovaSeq 6000,1.495,146.5,Qubit dsDNA BR (Broad range) Assays kit; Qubit 2.0 Fluorometer,METAGENOMIC,220712_JARVIS_HMNJKDSX3,DBB_AABFOSDA_4_HMNJKDSX3.UDI228,NA,DDC_AAAAOSDA_1_HMNJKDSX3.UDI201,NA,NA,Prod_ILL_BqADN_NEBUII_151_v4; Bq NEB Next Ultra II,PRJEB51688,PRJEB51654,NA,NA,NA,batch_1,NA,S4,151,4,UDI228,50,12-07-22,0.03,Y,Duplicat pairs > 20,Y
EMOBON_BPNS_Wa_210701_3um_1,EMOBON_BPNS_Wa_1,EMOBON_BPNS_Wa_1_metag,EMOBON00007,DBD_AACR,DBB_AACS,https://www.protocols.io/view/cryogrinding-protocol-mecanic-lysis-of-planktonic-n92ldyq88l5b/v1; https://www.protocols.io/view/rna-dna-extraction-from-plankton-natural-samples-u-eq2lynz2qvx9/v1; https://www.fishersci.com/shop/products/nucleospin-rna-ii-740955-250/NC0707522; https://www.mn-net.com/lysis-buffer-ra1-740961,metag,74391439,PAIRED,metag,metag,metag,metag,NA,NA,DNA Polymerase:taq Q5;NoPCRs:2;PCRvolume:30;Nocycles:10,software,Illumina NovaSeq 6000,9.37,918.3,Qubit dsDNA BR (Broad range) Assays kit; Qubit 2.0 Fluorometer,METAGENOMIC,220622_JARVIS_HMGW5DSX3,DBB_AACSOSDA_4_HMGW5DSX3.UDI199,NA,DDC_AAAAOSDA_4_HMGW5DSX3.UDI201,DDC_AAABOSDA_4_HMGW5DSX3.UDI213,NA,Prod_ILL_BqADN_NEBUII_151_v4; Bq NEB Next Ultra II,PRJEB51688,PRJEB51652,NA,NA,NA,batch_1,NA,S4,151,4,UDI199,100,22-06-22,0.23,Y,"Duplicat pairs > 20,Adaptateurs/Kmers",Y
EMOBON_BPNS_Wa_210701_3um_2,EMOBON_BPNS_Wa_2,EMOBON_BPNS_Wa_2_metag,EMOBON00008,DBD_AACS,DBB_AACT,https://www.protocols.io/view/cryogrinding-protocol-mecanic-lysis-of-planktonic-n92ldyq88l5b/v1; https://www.protocols.io/view/rna-dna-extraction-from-plankton-natural-samples-u-eq2lynz2qvx9/v1; https://www.fishersci.com/shop/products/nucleospin-rna-ii-740955-250/NC0707522; https://www.mn-net.com/lysis-buffer-ra1-740961,metag,87844664,PAIRED,metag,metag,metag,metag,NA,NA,DNA Polymerase:taq Q5;NoPCRs:2;PCRvolume:30;Nocycles:10,software,Illumina NovaSeq 6000,2.45,240.1,Qubit dsDNA BR (Broad range) Assays kit; Qubit 2.0 Fluorometer,METAGENOMIC,220622_JARVIS_HMGW5DSX3,DBB_AACTOSDA_4_HMGW5DSX3.UDI211,NA,DDC_AAAAOSDA_4_HMGW5DSX3.UDI201,DDC_AAABOSDA_4_HMGW5DSX3.UDI213,NA,Prod_ILL_BqADN_NEBUII_151_v4; Bq NEB Next Ultra II,PRJEB51688,PRJEB51652,NA,NA,NA,batch_1,NA,S4,151,4,UDI211,100,22-06-22,0.26,Y,"Duplicat pairs > 20,Adaptateurs/Kmers",Y
EMOBON_BPNS_Wa_210701_0.2um_1,EMOBON_BPNS_Wa_7,EMOBON_BPNS_Wa_7_metag,EMOBON00009,DBD_AACT,DBB_AACU,https://www.protocols.io/view/cryogrinding-protocol-mecanic-lysis-of-planktonic-n92ldyq88l5b/v1; https://www.protocols.io/view/rna-dna-extraction-from-plankton-natural-samples-u-eq2lynz2qvx9/v1; https://www.fishersci.com/shop/products/nucleospin-rna-ii-740955-250/NC0707522; https://www.mn-net.com/lysis-buffer-ra1-740961,metag,57150226,PAIRED,metag,metag,metag,metag,NA,NA,DNA Polymerase:taq Q5;NoPCRs:2;PCRvolume:30;Nocycles:10,software,Illumina NovaSeq 6000,17.85,1749.3,Qubit dsDNA BR (Broad range) Assays kit; Qubit 2.0 Fluorometer,METAGENOMIC,220712_JARVIS_HMNJKDSX3,DBB_AACUOSDA_1_HMNJKDSX3.UDI223,NA,DDC_AAAAOSDA_1_HMNJKDSX3.UDI201,NA,NA,Prod_ILL_BqADN_NEBUII_151_v4; Bq NEB Next Ultra II,PRJEB51688,PRJEB51652,NA,NA,NA,batch_1,NA,S4,151,1,UDI223,100,12-07-22,0.01,Y,"Duplicat pairs > 20,Adaptateurs/Kmers",Y
EMOBON_BPNS_Wa_210701_0.2um_2,EMOBON_BPNS_Wa_6,EMOBON_BPNS_Wa_6_metag,EMOBON00010,DBD_AACU,DBB_AACV,https://www.protocols.io/view/cryogrinding-protocol-mecanic-lysis-of-planktonic-n92ldyq88l5b/v1; https://www.protocols.io/view/rna-dna-extraction-from-plankton-natural-samples-u-eq2lynz2qvx9/v1; https://www.fishersci.com/shop/products/nucleospin-rna-ii-740955-250/NC0707522; https://www.mn-net.com/lysis-buffer-ra1-740961,metag,59885936,PAIRED,metag,metag,metag,metag,NA,NA,DNA Polymerase:taq Q5;NoPCRs:2;PCRvolume:30;Nocycles:10,software,Illumina NovaSeq 6000,19.2,2016,Qubit dsDNA BR (Broad range) Assays kit; Qubit 2.0 Fluorometer,METAGENOMIC,220712_JARVIS_HMNJKDSX3,DBB_AACVOSDA_1_HMNJKDSX3.UDI235,NA,DDC_AAAAOSDA_1_HMNJKDSX3.UDI201,NA,NA,Prod_ILL_BqADN_NEBUII_151_v4; Bq NEB Next Ultra II,PRJEB51688,PRJEB51652,NA,NA,NA,batch_1,NA,S4,151,1,UDI235,100,12-07-22,0.01,Y,"Duplicat pairs > 20,Adaptateurs/Kmers",Y
EMOBON_BPNS_Wa_210825_3um_1,EMOBON_BPNS_Wa_21,EMOBON_BPNS_Wa_21_metag,EMOBON00011,DBD_AACV,DBB_AACW,https://www.protocols.io/view/cryogrinding-protocol-mecanic-lysis-of-planktonic-n92ldyq88l5b/v1; https://www.protocols.io/view/rna-dna-extraction-from-plankton-natural-samples-u-eq2lynz2qvx9/v1; https://www.fishersci.com/shop/products/nucleospin-rna-ii-740955-250/NC0707522; https://www.mn-net.com/lysis-buffer-ra1-740961,metag,70644143,PAIRED,metag,metag,metag,metag,NA,NA,DNA Polymerase:taq Q5;NoPCRs:2;PCRvolume:30;Nocycles:10,software,Illumina NovaSeq 6000,18.65,1827.7,Qubit dsDNA BR (Broad range) Assays kit; Qubit 2.0 Fluorometer,METAGENOMIC,220622_JARVIS_HMGW5DSX3,DBB_AACWOSDA_4_HMGW5DSX3.UDI247,NA,DDC_AAAAOSDA_4_HMGW5DSX3.UDI201,DDC_AAABOSDA_4_HMGW5DSX3.UDI213,NA,Prod_ILL_BqADN_NEBUII_151_v4; Bq NEB Next Ultra II,PRJEB51688,PRJEB51652,NA,NA,NA,batch_1,NA,S4,151,4,UDI247,100,22-06-22,0.3,Y,Adaptateurs/Kmers,Y
EMOBON_BPNS_Wa_210825_3um_2,EMOBON_BPNS_Wa_22,EMOBON_BPNS_Wa_22_metag,EMOBON00012,DBD_AACW,DBB_AACX,https://www.protocols.io/view/cryogrinding-protocol-mecanic-lysis-of-planktonic-n92ldyq88l5b/v1; https://www.protocols.io/view/rna-dna-extraction-from-plankton-natural-samples-u-eq2lynz2qvx9/v1; https://www.fishersci.com/shop/products/nucleospin-rna-ii-740955-250/NC0707522; https://www.mn-net.com/lysis-buffer-ra1-740961,metag,88712287,PAIRED,metag,metag,metag,metag,NA,NA,DNA Polymerase:taq Q5;NoPCRs:2;PCRvolume:30;Nocycles:10,software,Illumina NovaSeq 6000,25,2450,Qubit dsDNA BR (Broad range) Assays kit; Qubit 2.0 Fluorometer,METAGENOMIC,220622_JARVIS_HMGW5DSX3,DBB_AACXOSDA_4_HMGW5DSX3.UDI259,NA,DDC_AAAAOSDA_4_HMGW5DSX3.UDI201,DDC_AAABOSDA_4_HMGW5DSX3.UDI213,NA,Prod_ILL_BqADN_NEBUII_151_v4; Bq NEB Next Ultra II,PRJEB51688,PRJEB51652,NA,NA,NA,batch_1,NA,S4,151,4,UDI259,100,22-06-22,0.22,Y,"Duplicat pairs > 20,Adaptateurs/Kmers",Y
EMOBON_BPNS_Wa_210825_0.2um_1,EMOBON_BPNS_Wa_26,EMOBON_BPNS_Wa_26_metag,EMOBON00013,DBD_AACX,DBB_AACY,https://www.protocols.io/view/cryogrinding-protocol-mecanic-lysis-of-planktonic-n92ldyq88l5b/v1; https://www.protocols.io/view/rna-dna-extraction-from-plankton-natural-samples-u-eq2lynz2qvx9/v1; https://www.fishersci.com/shop/products/nucleospin-rna-ii-740955-250/NC0707522; https://www.mn-net.com/lysis-buffer-ra1-740961,metag,50474845,PAIRED,metag,metag,metag,metag,NA,NA,DNA Polymerase:taq Q5;NoPCRs:2;PCRvolume:30;Nocycles:10,software,Illumina NovaSeq 6000,34.4,3371.2,Qubit dsDNA BR (Broad range) Assays kit; Qubit 2.0 Fluorometer,METAGENOMIC,220712_JARVIS_HMNJKDSX3,DBB_AACYOSDA_1_HMNJKDSX3.UDI271,NA,DDC_AAAAOSDA_1_HMNJKDSX3.UDI201,NA,NA,Prod_ILL_BqADN_NEBUII_151_v4; Bq NEB Next Ultra II,PRJEB51688,PRJEB51652,NA,NA,NA,batch_1,NA,S4,151,1,UDI271,100,12-07-22,0.06,Y,"Duplicat pairs > 20,Adaptateurs/Kmers",Y
EMOBON_BPNS_Wa_210825_0.2um_2,EMOBON_BPNS_Wa_27,EMOBON_BPNS_Wa_27_metag,EMOBON00014,DBD_AACY,DBB_AACE,https://www.protocols.io/view/cryogrinding-protocol-mecanic-lysis-of-planktonic-n92ldyq88l5b/v1; https://www.protocols.io/view/rna-dna-extraction-from-plankton-natural-samples-u-eq2lynz2qvx9/v1; https://www.fishersci.com/shop/products/nucleospin-rna-ii-740955-250/NC0707522; https://www.mn-net.com/lysis-buffer-ra1-740961,metag,67391159,PAIRED,metag,metag,metag,metag,NA,NA,DNA Polymerase:taq Q5;NoPCRs:2;PCRvolume:30;Nocycles:10,software,Illumina NovaSeq 6000,17.2,1685.6,Qubit dsDNA BR (Broad range) Assays kit; Qubit 2.0 Fluorometer,METAGENOMIC,220712_JARVIS_HMNJKDSX3,DBB_AACEOSDA_1_HMNJKDSX3.UDI221,NA,DDC_AAAAOSDA_1_HMNJKDSX3.UDI201,NA,NA,Prod_ILL_BqADN_NEBUII_151_v4; Bq NEB Next Ultra II,PRJEB51688,PRJEB51652,NA,NA,NA,batch_1,NA,S4,151,1,UDI221,100,12-07-22,0.05,Y,"Duplicat pairs > 20,Adaptateurs/Kmers",Y
EMOBON_ROSKOGO_Wa_210618_3um_1,EMOBON_ROSKOGO_Wa_1,EMOBON_ROSKOGO_Wa_1_metag,EMOBON00015,DBD_AAAW,DBB_AAAI,https://www.protocols.io/view/cryogrinding-protocol-mecanic-lysis-of-planktonic-n92ldyq88l5b/v1; https://www.protocols.io/view/rna-dna-extraction-from-plankton-natural-samples-u-eq2lynz2qvx9/v1; https://www.fishersci.com/shop/products/nucleospin-rna-ii-740955-250/NC0707522; https://www.mn-net.com/lysis-buffer-ra1-740961,metag,112390770,PAIRED,metag,metag,metag,metag,NA,NA,DNA Polymerase:taq Q5;NoPCRs:2;PCRvolume:30;Nocycles:10,software,Illumina NovaSeq 6000,6.13,539.4,Qubit dsDNA BR (Broad range) Assays kit; Qubit 2.0 Fluorometer,METAGENOMIC,220622_JARVIS_HMGW5DSX3,DBB_AAAIOSDA_4_HMGW5DSX3.UDI205,NA,DDC_AAAAOSDA_4_HMGW5DSX3.UDI201,DDC_AAABOSDA_4_HMGW5DSX3.UDI213,NA,Prod_ILL_BqADN_NEBUII_151_v4; Bq NEB Next Ultra II,PRJEB51688,PRJEB51662,NA,NA,NA,batch_1,NA,S4,151,4,UDI205,100,22-06-22,0.37,Y,"Duplicat pairs > 20,Adaptateurs/Kmers",Y
EMOBON_ROSKOGO_Wa_210618_3um_2,EMOBON_ROSKOGO_Wa_2,EMOBON_ROSKOGO_Wa_2_metag,EMOBON00016,DBD_AAAX,DBB_AAAJ,https://www.protocols.io/view/cryogrinding-protocol-mecanic-lysis-of-planktonic-n92ldyq88l5b/v1; https://www.protocols.io/view/rna-dna-extraction-from-plankton-natural-samples-u-eq2lynz2qvx9/v1; https://www.fishersci.com/shop/products/nucleospin-rna-ii-740955-250/NC0707522; https://www.mn-net.com/lysis-buffer-ra1-740961,metag,77129345,PAIRED,metag,metag,metag,metag,NA,NA,DNA Polymerase:taq Q5;NoPCRs:2;PCRvolume:30;Nocycles:10,software,Illumina NovaSeq 6000,7.36,647.7,Qubit dsDNA BR (Broad range) Assays kit; Qubit 2.0 Fluorometer,METAGENOMIC,220622_JARVIS_HMGW5DSX3,DBB_AAAJOSDA_4_HMGW5DSX3.UDI217,NA,DDC_AAAAOSDA_4_HMGW5DSX3.UDI201,DDC_AAABOSDA_4_HMGW5DSX3.UDI213,NA,Prod_ILL_BqADN_NEBUII_151_v4; Bq NEB Next Ultra II,PRJEB51688,PRJEB51662,NA,NA,NA,batch_1,NA,S4,151,4,UDI217,100,22-06-22,0.34,Y,"Duplicat pairs > 20,Adaptateurs/Kmers",Y
EMOBON_ROSKOGO_Wa_210618_0.2um_1,EMOBON_ROSKOGO_Wa_5,EMOBON_ROSKOGO_Wa_5_metag,EMOBON00017,DBD_AAAY,DBB_AAAK,https://www.protocols.io/view/cryogrinding-protocol-mecanic-lysis-of-planktonic-n92ldyq88l5b/v1; https://www.protocols.io/view/rna-dna-extraction-from-plankton-natural-samples-u-eq2lynz2qvx9/v1; https://www.fishersci.com/shop/products/nucleospin-rna-ii-740955-250/NC0707522; https://www.mn-net.com/lysis-buffer-ra1-740961,metag,NA,NA,NA,NA,NA,NA,NA,NA,NA,NA,NA,NA,NA,Qubit dsDNA BR (Broad range) Assays kit; Qubit 2.0 Fluorometer,METAGENOMIC,NA,NA,NA,NA,NA,NA,Prod_ILL_BqADN_NEBUII_151_v4; Bq NEB Next Ultra II,PRJEB51688,PRJEB51662,NA,NA,NA,batch_1,non-quantifiable DNA after extraction,NA,NA,NA,NA,NA,NA,NA,NA,NA,NA
EMOBON_ROSKOGO_Wa_210618_0.2um_2,EMOBON_ROSKOGO_Wa_6,EMOBON_ROSKOGO_Wa_6_metag,EMOBON00018,DBD_AAAZ,DBB_AAAA,https://www.protocols.io/view/cryogrinding-protocol-mecanic-lysis-of-planktonic-n92ldyq88l5b/v1; https://www.protocols.io/view/rna-dna-extraction-from-plankton-natural-samples-u-eq2lynz2qvx9/v1; https://www.fishersci.com/shop/products/nucleospin-rna-ii-740955-250/NC0707522; https://www.mn-net.com/lysis-buffer-ra1-740961,metag,NA,NA,NA,NA,NA,NA,NA,NA,DNA Polymerase:taq Q5;NoPCRs:2;PCRvolume:30;Nocycles:11,NA,NA,1.535,152,Qubit dsDNA BR (Broad range) Assays kit; Qubit 2.0 Fluorometer,METAGENOMIC,NA,NA,NA,NA,NA,NA,Prod_ILL_BqADN_NEBUII_151_v4; Bq NEB Next Ultra II,PRJEB51688,PRJEB51662,NA,NA,NA,batch_1,low yields; seq library prep failed,NA,NA,NA,NA,NA,NA,NA,NA,NA,NA
EMOBON_ROSKOGO_Wa_210802_3um_1,EMOBON_ROSKOGO_Wa_13,EMOBON_ROSKOGO_Wa_13_metag,EMOBON00019,DBD_AABA,DBB_AAAL,https://www.protocols.io/view/cryogrinding-protocol-mecanic-lysis-of-planktonic-n92ldyq88l5b/v1; https://www.protocols.io/view/rna-dna-extraction-from-plankton-natural-samples-u-eq2lynz2qvx9/v1; https://www.fishersci.com/shop/products/nucleospin-rna-ii-740955-250/NC0707522; https://www.mn-net.com/lysis-buffer-ra1-740961,metag,92031641,PAIRED,metag,metag,metag,metag,NA,NA,DNA Polymerase:taq Q5;NoPCRs:2;PCRvolume:30;Nocycles:10,software,Illumina NovaSeq 6000,7.49,734,Qubit dsDNA BR (Broad range) Assays kit; Qubit 2.0 Fluorometer,METAGENOMIC,220622_JARVIS_HMGW5DSX3,DBB_AAALOSDA_4_HMGW5DSX3.UDI229,NA,DDC_AAAAOSDA_4_HMGW5DSX3.UDI201,DDC_AAABOSDA_4_HMGW5DSX3.UDI213,NA,Prod_ILL_BqADN_NEBUII_151_v4; Bq NEB Next Ultra II,PRJEB51688,PRJEB51662,NA,NA,NA,batch_1,NA,S4,151,4,UDI229,100,22-06-22,0.29,Y,"Duplicat pairs > 20,Adaptateurs/Kmers",Y
EMOBON_ROSKOGO_Wa_210802_3um_2,EMOBON_ROSKOGO_Wa_14,EMOBON_ROSKOGO_Wa_14_metag,EMOBON00020,DBD_AABB,DBB_AAAB,https://www.protocols.io/view/cryogrinding-protocol-mecanic-lysis-of-planktonic-n92ldyq88l5b/v1; https://www.protocols.io/view/rna-dna-extraction-from-plankton-natural-samples-u-eq2lynz2qvx9/v1; https://www.fishersci.com/shop/products/nucleospin-rna-ii-740955-250/NC0707522; https://www.mn-net.com/lysis-buffer-ra1-740961,metag,81558404,PAIRED,metag,metag,metag,metag,NA,NA,DNA Polymerase:taq Q5;NoPCRs:2;PCRvolume:30;Nocycles:11,software,Illumina NovaSeq 6000,11.05,1082.9,Qubit dsDNA BR (Broad range) Assays kit; Qubit 2.0 Fluorometer,METAGENOMIC,220223_JARVIS_HWLTKDRXY,DBB_AAABOSDA_1_HWLTKDRXY.UDI208,NA,DDC_AAAAOSDA_1_HWLTKDRXY.UDI212,DDC_AAABOSDA_1_HWLTKDRXY.UDI213,NA,Prod_ILL_BqADN_NEBUII_151_v4; Bq NEB Next Ultra II,PRJEB51688,PRJEB51662,NA,NA,NA,batch_1,NA,SP,151,1,UDI208,50,23-02-22,0.17,Y,Adaptateurs/Kmers,Y
EMOBON_ROSKOGO_Wa_210802_0.2um_1,EMOBON_ROSKOGO_Wa_17,EMOBON_ROSKOGO_Wa_17_metag,EMOBON00021,DBD_AABC,DBB_AAAQ,https://www.protocols.io/view/cryogrinding-protocol-mecanic-lysis-of-planktonic-n92ldyq88l5b/v1; https://www.protocols.io/view/rna-dna-extraction-from-plankton-natural-samples-u-eq2lynz2qvx9/v1; https://www.fishersci.com/shop/products/nucleospin-rna-ii-740955-250/NC0707522; https://www.mn-net.com/lysis-buffer-ra1-740961,metag,69037615,PAIRED,metag,metag,metag,metag,NA,NA,DNA Polymerase:taq Q5;NoPCRs:2;PCRvolume:30;Nocycles:10,software,Illumina NovaSeq 6000,17,1666,Qubit dsDNA BR (Broad range) Assays kit; Qubit 2.0 Fluorometer,METAGENOMIC,220622_JARVIS_HMGW5DSX3,DBB_AAAQOSDA_4_HMGW5DSX3.UDI277,NA,DDC_AAAAOSDA_4_HMGW5DSX3.UDI201,DDC_AAABOSDA_4_HMGW5DSX3.UDI213,NA,Prod_ILL_BqADN_NEBUII_151_v4; Bq NEB Next Ultra II,PRJEB51688,PRJEB51662,NA,NA,NA,batch_1,NA,S4,151,4,UDI277,100,22-06-22,0.03,Y,"Duplicat pairs > 20,Adaptateurs/Kmers",Y
EMOBON_ROSKOGO_Wa_210802_0.2um_2,EMOBON_ROSKOGO_Wa_18,EMOBON_ROSKOGO_Wa_18_metag,EMOBON00022,DBD_AABD,DBB_AAAR,https://www.protocols.io/view/cryogrinding-protocol-mecanic-lysis-of-planktonic-n92ldyq88l5b/v1; https://www.protocols.io/view/rna-dna-extraction-from-plankton-natural-samples-u-eq2lynz2qvx9/v1; https://www.fishersci.com/shop/products/nucleospin-rna-ii-740955-250/NC0707522; https://www.mn-net.com/lysis-buffer-ra1-740961,metag,52880056,PAIRED,metag,metag,metag,metag,NA,NA,DNA Polymerase:taq Q5;NoPCRs:2;PCRvolume:30;Nocycles:10,software,Illumina NovaSeq 6000,32.5,3185,Qubit dsDNA BR (Broad range) Assays kit; Qubit 2.0 Fluorometer,METAGENOMIC,220712_JARVIS_HMNJKDSX3,DBB_AAAROSDA_1_HMNJKDSX3.UDI194,NA,DDC_AAAAOSDA_1_HMNJKDSX3.UDI201,NA,NA,Prod_ILL_BqADN_NEBUII_151_v4; Bq NEB Next Ultra II,PRJEB51688,PRJEB51662,NA,NA,NA,batch_1,NA,S4,151,1,UDI194,100,12-07-22,0.06,Y,"Duplicat pairs > 20,Adaptateurs/Kmers",Y
EMOBON_VB_Wa_210621_3um_1,EMOBON_VB_Wa_1,EMOBON_VB_Wa_1_metag,EMOBON00023,DBD_AABE,DBB_AACA,https://www.protocols.io/view/cryogrinding-protocol-mecanic-lysis-of-planktonic-n92ldyq88l5b/v1; https://www.protocols.io/view/rna-dna-extraction-from-plankton-natural-samples-u-eq2lynz2qvx9/v1; https://www.fishersci.com/shop/products/nucleospin-rna-ii-740955-250/NC0707522; https://www.mn-net.com/lysis-buffer-ra1-740961,metag,77205469,PAIRED,metag,metag,metag,metag,NA,NA,DNA Polymerase:taq Q5;NoPCRs:2;PCRvolume:30;Nocycles:10,software,Illumina NovaSeq 6000,1.79,175.4,Qubit dsDNA BR (Broad range) Assays kit; Qubit 2.0 Fluorometer,METAGENOMIC,220622_JARVIS_HMGW5DSX3,DBB_AACAOSDA_4_HMGW5DSX3.UDI197,NA,DDC_AAAAOSDA_4_HMGW5DSX3.UDI201,DDC_AAABOSDA_4_HMGW5DSX3.UDI213,NA,Prod_ILL_BqADN_NEBUII_151_v4; Bq NEB Next Ultra II,PRJEB51688,PRJEB51664,NA,NA,NA,batch_1,NA,S4,151,4,UDI197,89.5,22-06-22,0.18,Y,"Duplicat pairs > 20,Adaptateurs/Kmers",Y
EMOBON_VB_Wa_210621_3um_2,EMOBON_VB_Wa_2,EMOBON_VB_Wa_2_metag,EMOBON00024,DBD_AABF,DBB_AACB,https://www.protocols.io/view/cryogrinding-protocol-mecanic-lysis-of-planktonic-n92ldyq88l5b/v1; https://www.protocols.io/view/rna-dna-extraction-from-plankton-natural-samples-u-eq2lynz2qvx9/v1; https://www.fishersci.com/shop/products/nucleospin-rna-ii-740955-250/NC0707522; https://www.mn-net.com/lysis-buffer-ra1-740961,metag,50283946,PAIRED,metag,metag,metag,metag,NA,NA,DNA Polymerase:taq Q5;NoPCRs:2;PCRvolume:30;Nocycles:10,software,Illumina NovaSeq 6000,1.135,111.2,Qubit dsDNA BR (Broad range) Assays kit; Qubit 2.0 Fluorometer,METAGENOMIC,220622_JARVIS_HMGW5DSX3,DBB_AACBOSDA_4_HMGW5DSX3.UDI239,NA,DDC_AAAAOSDA_4_HMGW5DSX3.UDI201,DDC_AAABOSDA_4_HMGW5DSX3.UDI213,NA,Prod_ILL_BqADN_NEBUII_151_v4; Bq NEB Next Ultra II,PRJEB51688,PRJEB51664,NA,NA,NA,batch_1,NA,S4,151,4,UDI239,50,22-06-22,0.21,Y,"Duplicat pairs > 20,Adaptateurs/Kmers",Y
EMOBON_VB_Wa_210621_0.2um_1,EMOBON_VB_Wa_4,EMOBON_VB_Wa_4_metag,EMOBON00025,DBD_AABG,DBB_AACC,https://www.protocols.io/view/cryogrinding-protocol-mecanic-lysis-of-planktonic-n92ldyq88l5b/v1; https://www.protocols.io/view/rna-dna-extraction-from-plankton-natural-samples-u-eq2lynz2qvx9/v1; https://www.fishersci.com/shop/products/nucleospin-rna-ii-740955-250/NC0707522; https://www.mn-net.com/lysis-buffer-ra1-740961,metag,52261580,PAIRED,metag,metag,metag,metag,NA,NA,DNA Polymerase:taq Q5;NoPCRs:2;PCRvolume:30;Nocycles:10,software,Illumina NovaSeq 6000,2.87,281.3,Qubit dsDNA BR (Broad range) Assays kit; Qubit 2.0 Fluorometer,METAGENOMIC,220712_JARVIS_HMNJKDSX3,DBB_AACCOSDA_1_HMNJKDSX3.UDI209,NA,DDC_AAAAOSDA_1_HMNJKDSX3.UDI201,NA,NA,Prod_ILL_BqADN_NEBUII_151_v4; Bq NEB Next Ultra II,PRJEB51688,PRJEB51664,NA,NA,NA,batch_1,NA,S4,151,1,UDI209,100,12-07-22,0.04,Y,"Duplicat pairs > 20,Adaptateurs/Kmers",Y
EMOBON_VB_Wa_210621_0.2um_2,EMOBON_VB_Wa_5,EMOBON_VB_Wa_5_metag,EMOBON00026,DBD_AABH,DBB_AAAC,https://www.protocols.io/view/cryogrinding-protocol-mecanic-lysis-of-planktonic-n92ldyq88l5b/v1; https://www.protocols.io/view/rna-dna-extraction-from-plankton-natural-samples-u-eq2lynz2qvx9/v1; https://www.fishersci.com/shop/products/nucleospin-rna-ii-740955-250/NC0707522; https://www.mn-net.com/lysis-buffer-ra1-740961,metag,64330155,PAIRED,metag,metag,metag,metag,NA,NA,DNA Polymerase:taq Q5;NoPCRs:2;PCRvolume:30;Nocycles:11,software,Illumina NovaSeq 6000,6.35,622.3,Qubit dsDNA BR (Broad range) Assays kit; Qubit 2.0 Fluorometer,METAGENOMIC,220223_JARVIS_HWLTKDRXY,DBB_AAACOSDA_1_HWLTKDRXY.UDI209,NA,DDC_AAAAOSDA_1_HWLTKDRXY.UDI212,DDC_AAABOSDA_1_HWLTKDRXY.UDI213,NA,Prod_ILL_BqADN_NEBUII_151_v4; Bq NEB Next Ultra II,PRJEB51688,PRJEB51664,NA,NA,NA,batch_1,NA,SP,151,1,UDI209,50,23-02-22,0.01,Y,Adaptateurs/Kmers,Y
EMOBON_VB_Wa_210823_3um_1,EMOBON_VB_Wa_41,EMOBON_VB_Wa_41_metag,EMOBON00027,DBD_AABI,DBB_AACD,https://www.protocols.io/view/cryogrinding-protocol-mecanic-lysis-of-planktonic-n92ldyq88l5b/v1; https://www.protocols.io/view/rna-dna-extraction-from-plankton-natural-samples-u-eq2lynz2qvx9/v1; https://www.fishersci.com/shop/products/nucleospin-rna-ii-740955-250/NC0707522; https://www.mn-net.com/lysis-buffer-ra1-740961,metag,48970827,PAIRED,metag,metag,metag,metag,NA,NA,DNA Polymerase:taq Q5;NoPCRs:2;PCRvolume:30;Nocycles:10,software,Illumina NovaSeq 6000,1.535,150.4,Qubit dsDNA BR (Broad range) Assays kit; Qubit 2.0 Fluorometer,METAGENOMIC,220622_JARVIS_HMGW5DSX3,DBB_AACDOSDA_4_HMGW5DSX3.UDI240,NA,DDC_AAAAOSDA_4_HMGW5DSX3.UDI201,DDC_AAABOSDA_4_HMGW5DSX3.UDI213,NA,Prod_ILL_BqADN_NEBUII_151_v4; Bq NEB Next Ultra II,PRJEB51688,PRJEB51664,NA,NA,NA,batch_1,NA,S4,151,4,UDI240,50,22-06-22,0.24,Y,Dimère adaptateur,Y
EMOBON_VB_Wa_210823_3um_2,EMOBON_VB_Wa_42,EMOBON_VB_Wa_42_metag,EMOBON00028,DBD_AABJ,DBB_AAAD,https://www.protocols.io/view/cryogrinding-protocol-mecanic-lysis-of-planktonic-n92ldyq88l5b/v1; https://www.protocols.io/view/rna-dna-extraction-from-plankton-natural-samples-u-eq2lynz2qvx9/v1; https://www.fishersci.com/shop/products/nucleospin-rna-ii-740955-250/NC0707522; https://www.mn-net.com/lysis-buffer-ra1-740961,metag,68846432,PAIRED,metag,metag,metag,metag,NA,NA,DNA Polymerase:taq Q5;NoPCRs:2;PCRvolume:30;Nocycles:11,software,Illumina NovaSeq 6000,1.075,107.5,Qubit dsDNA BR (Broad range) Assays kit; Qubit 2.0 Fluorometer,METAGENOMIC,220223_JARVIS_HWLTKDRXY,DBB_AAADOSDA_1_HWLTKDRXY.UDI210,NA,DDC_AAAAOSDA_1_HWLTKDRXY.UDI212,DDC_AAABOSDA_1_HWLTKDRXY.UDI213,NA,Prod_ILL_BqADN_NEBUII_151_v4; Bq NEB Next Ultra II,PRJEB51688,PRJEB51664,NA,NA,NA,batch_1,NA,SP,151,1,UDI210,50,23-02-22,0.07,Y,Adaptateurs/Kmers,Y
EMOBON_VB_Wa_210823_0.2um_1,EMOBON_VB_Wa_43,EMOBON_VB_Wa_43_metag,EMOBON00029,DBD_AABK,DBB_AABU,https://www.protocols.io/view/cryogrinding-protocol-mecanic-lysis-of-planktonic-n92ldyq88l5b/v1; https://www.protocols.io/view/rna-dna-extraction-from-plankton-natural-samples-u-eq2lynz2qvx9/v1; https://www.fishersci.com/shop/products/nucleospin-rna-ii-740955-250/NC0707522; https://www.mn-net.com/lysis-buffer-ra1-740961,metag,47128791,PAIRED,metag,metag,metag,metag,NA,NA,DNA Polymerase:taq Q5;NoPCRs:2;PCRvolume:30;Nocycles:10,software,Illumina NovaSeq 6000,6.64,650.7,Qubit dsDNA BR (Broad range) Assays kit; Qubit 2.0 Fluorometer,METAGENOMIC,220712_JARVIS_HMNJKDSX3,DBB_AABUOSDA_1_HMNJKDSX3.UDI244,NA,DDC_AAAAOSDA_1_HMNJKDSX3.UDI201,NA,NA,Prod_ILL_BqADN_NEBUII_151_v4; Bq NEB Next Ultra II,PRJEB51688,PRJEB51664,NA,NA,NA,batch_1,NA,S4,151,1,UDI244,100,12-07-22,0.01,Y,"Duplicat pairs > 20,Adaptateurs/Kmers",Y
EMOBON_VB_Wa_210823_0.2um_2,EMOBON_VB_Wa_44,EMOBON_VB_Wa_44_metag,EMOBON00030,DBD_AABL,DBB_AABV,https://www.protocols.io/view/cryogrinding-protocol-mecanic-lysis-of-planktonic-n92ldyq88l5b/v1; https://www.protocols.io/view/rna-dna-extraction-from-plankton-natural-samples-u-eq2lynz2qvx9/v1; https://www.fishersci.com/shop/products/nucleospin-rna-ii-740955-250/NC0707522; https://www.mn-net.com/lysis-buffer-ra1-740961,metag,44425002,PAIRED,metag,metag,metag,metag,NA,NA,DNA Polymerase:taq Q5;NoPCRs:2;PCRvolume:30;Nocycles:10,software,Illumina NovaSeq 6000,11.7,1146.6,Qubit dsDNA BR (Broad range) Assays kit; Qubit 2.0 Fluorometer,METAGENOMIC,220712_JARVIS_HMNJKDSX3,DBB_AABVOSDA_1_HMNJKDSX3.UDI256,NA,DDC_AAAAOSDA_1_HMNJKDSX3.UDI201,NA,NA,Prod_ILL_BqADN_NEBUII_151_v4; Bq NEB Next Ultra II,PRJEB51688,PRJEB51664,NA,NA,NA,batch_1,NA,S4,151,1,UDI256,100,12-07-22,0.03,Y,"Duplicat pairs > 20,Adaptateurs/Kmers",Y
EMOBON_EMT21_Wa_210825_3um_1,EMOBON_EMT21_Wa_1,EMOBON_EMT21_Wa_1_metag,EMOBON00031,DBD_AACZ,DBB_AACF,https://www.protocols.io/view/cryogrinding-protocol-mecanic-lysis-of-planktonic-n92ldyq88l5b/v1; https://www.protocols.io/view/rna-dna-extraction-from-plankton-natural-samples-u-eq2lynz2qvx9/v1; https://www.fishersci.com/shop/products/nucleospin-rna-ii-740955-250/NC0707522; https://www.mn-net.com/lysis-buffer-ra1-740961,metag,95566929,PAIRED,metag,metag,metag,metag,NA,NA,DNA Polymerase:taq Q5;NoPCRs:2;PCRvolume:30;Nocycles:10,software,Illumina NovaSeq 6000,3.1,303.8,Qubit dsDNA BR (Broad range) Assays kit; Qubit 2.0 Fluorometer,METAGENOMIC,220622_JARVIS_HMGW5DSX3,DBB_AACFOSDA_4_HMGW5DSX3.UDI233,NA,DDC_AAAAOSDA_4_HMGW5DSX3.UDI201,DDC_AAABOSDA_4_HMGW5DSX3.UDI213,NA,Prod_ILL_BqADN_NEBUII_151_v4; Bq NEB Next Ultra II,PRJEB51688,PRJEB51653,NA,NA,NA,batch_1,NA,S4,151,4,UDI233,100,22-06-22,0.21,Y,Adaptateurs/Kmers,Y
EMOBON_EMT21_Wa_210825_3um_2,EMOBON_EMT21_Wa_2,EMOBON_EMT21_Wa_2_metag,EMOBON00032,DBD_AADA,DBB_AACG,https://www.protocols.io/view/cryogrinding-protocol-mecanic-lysis-of-planktonic-n92ldyq88l5b/v1; https://www.protocols.io/view/rna-dna-extraction-from-plankton-natural-samples-u-eq2lynz2qvx9/v1; https://www.fishersci.com/shop/products/nucleospin-rna-ii-740955-250/NC0707522; https://www.mn-net.com/lysis-buffer-ra1-740961,metag,72618721,PAIRED,metag,metag,metag,metag,NA,NA,DNA Polymerase:taq Q5;NoPCRs:2;PCRvolume:30;Nocycles:10,software,Illumina NovaSeq 6000,3.8,372.4,Qubit dsDNA BR (Broad range) Assays kit; Qubit 2.0 Fluorometer,METAGENOMIC,220622_JARVIS_HMGW5DSX3,DBB_AACGOSDA_4_HMGW5DSX3.UDI245,NA,DDC_AAAAOSDA_4_HMGW5DSX3.UDI201,DDC_AAABOSDA_4_HMGW5DSX3.UDI213,NA,Prod_ILL_BqADN_NEBUII_151_v4; Bq NEB Next Ultra II,PRJEB51688,PRJEB51653,NA,NA,NA,batch_1,NA,S4,151,4,UDI245,100,22-06-22,0.22,Y,Adaptateurs/Kmers,Y
EMOBON_EMT21_Wa_210825_0.2um_1,EMOBON_EMT21_Wa_6,EMOBON_EMT21_Wa_6_metag,EMOBON00033,DBD_AADB,DBB_AACH,https://www.protocols.io/view/cryogrinding-protocol-mecanic-lysis-of-planktonic-n92ldyq88l5b/v1; https://www.protocols.io/view/rna-dna-extraction-from-plankton-natural-samples-u-eq2lynz2qvx9/v1; https://www.fishersci.com/shop/products/nucleospin-rna-ii-740955-250/NC0707522; https://www.mn-net.com/lysis-buffer-ra1-740961,metag,48908124,PAIRED,metag,metag,metag,metag,NA,NA,DNA Polymerase:taq Q5;NoPCRs:2;PCRvolume:30;Nocycles:10,software,Illumina NovaSeq 6000,6.86,672.3,Qubit dsDNA BR (Broad range) Assays kit; Qubit 2.0 Fluorometer,METAGENOMIC,220712_JARVIS_HMNJKDSX3,DBB_AACHOSDA_1_HMNJKDSX3.UDI257,NA,DDC_AAAAOSDA_1_HMNJKDSX3.UDI201,NA,NA,Prod_ILL_BqADN_NEBUII_151_v4; Bq NEB Next Ultra II,PRJEB51688,PRJEB51653,NA,NA,NA,batch_1,NA,S4,151,1,UDI257,100,12-07-22,0.01,Y,"Duplicat pairs > 20,Adaptateurs/Kmers",Y
EMOBON_EMT21_Wa_210825_0.2um_2,EMOBON_EMT21_Wa_7,EMOBON_EMT21_Wa_7_metag,EMOBON00034,DBD_AADC,DBB_AACI,https://www.protocols.io/view/cryogrinding-protocol-mecanic-lysis-of-planktonic-n92ldyq88l5b/v1; https://www.protocols.io/view/rna-dna-extraction-from-plankton-natural-samples-u-eq2lynz2qvx9/v1; https://www.fishersci.com/shop/products/nucleospin-rna-ii-740955-250/NC0707522; https://www.mn-net.com/lysis-buffer-ra1-740961,metag,49463183,PAIRED,metag,metag,metag,metag,NA,NA,DNA Polymerase:taq Q5;NoPCRs:2;PCRvolume:30;Nocycles:10,software,Illumina NovaSeq 6000,19.5,1911,Qubit dsDNA BR (Broad range) Assays kit; Qubit 2.0 Fluorometer,METAGENOMIC,220712_JARVIS_HMNJKDSX3,DBB_AACIOSDA_1_HMNJKDSX3.UDI269,NA,DDC_AAAAOSDA_1_HMNJKDSX3.UDI201,NA,NA,Prod_ILL_BqADN_NEBUII_151_v4; Bq NEB Next Ultra II,PRJEB51688,PRJEB51653,NA,NA,NA,batch_1,NA,S4,151,1,UDI269,100,12-07-22,0.01,Y,"Duplicat pairs > 20,Adaptateurs/Kmers",Y
EMOBON_PiEGetxo_Wa_210824_3um_1,EMOBON_PiEGetxo_Wa_1,EMOBON_PiEGetxo_Wa_1_metag,EMOBON00035,DBD_AABM,DBB_AABW,https://www.protocols.io/view/cryogrinding-protocol-mecanic-lysis-of-planktonic-n92ldyq88l5b/v1; https://www.protocols.io/view/rna-dna-extraction-from-plankton-natural-samples-u-eq2lynz2qvx9/v1; https://www.fishersci.com/shop/products/nucleospin-rna-ii-740955-250/NC0707522; https://www.mn-net.com/lysis-buffer-ra1-740961,metag,85164599,PAIRED,metag,metag,metag,metag,NA,NA,DNA Polymerase:taq Q5;NoPCRs:2;PCRvolume:30;Nocycles:10,software,Illumina NovaSeq 6000,26.4,2587.2,Qubit dsDNA BR (Broad range) Assays kit; Qubit 2.0 Fluorometer,METAGENOMIC,220622_JARVIS_HMGW5DSX3,DBB_AABWOSDA_4_HMGW5DSX3.UDI268,NA,DDC_AAAAOSDA_4_HMGW5DSX3.UDI201,DDC_AAABOSDA_4_HMGW5DSX3.UDI213,NA,Prod_ILL_BqADN_NEBUII_151_v4; Bq NEB Next Ultra II,PRJEB51688,PRJEB51660,NA,NA,NA,batch_1,NA,S4,151,4,UDI268,100,22-06-22,0.16,Y,Dimère adaptateur,Y
EMOBON_PiEGetxo_Wa_210824_3um_2,EMOBON_PiEGetxo_Wa_2,EMOBON_PiEGetxo_Wa_2_metag,EMOBON00036,DBD_AABN,DBB_AABX,https://www.protocols.io/view/cryogrinding-protocol-mecanic-lysis-of-planktonic-n92ldyq88l5b/v1; https://www.protocols.io/view/rna-dna-extraction-from-plankton-natural-samples-u-eq2lynz2qvx9/v1; https://www.fishersci.com/shop/products/nucleospin-rna-ii-740955-250/NC0707522; https://www.mn-net.com/lysis-buffer-ra1-740961,metag,86491718,PAIRED,metag,metag,metag,metag,NA,NA,DNA Polymerase:taq Q5;NoPCRs:2;PCRvolume:30;Nocycles:10,software,Illumina NovaSeq 6000,36.2,3547.6,Qubit dsDNA BR (Broad range) Assays kit; Qubit 2.0 Fluorometer,METAGENOMIC,220622_JARVIS_HMGW5DSX3,DBB_AABXOSDA_4_HMGW5DSX3.UDI280,NA,DDC_AAAAOSDA_4_HMGW5DSX3.UDI201,DDC_AAABOSDA_4_HMGW5DSX3.UDI213,NA,Prod_ILL_BqADN_NEBUII_151_v4; Bq NEB Next Ultra II,PRJEB51688,PRJEB51660,NA,NA,NA,batch_1,NA,S4,151,4,UDI280,100,22-06-22,0.14,Y,"Duplicat pairs > 20,Adaptateurs/Kmers",Y
EMOBON_PiEGetxo_Wa_210824_0.2um_1,EMOBON_PiEGetxo_Wa_3,EMOBON_PiEGetxo_Wa_3_metag,EMOBON00037,DBD_AABO,DBB_AACJ,https://www.protocols.io/view/cryogrinding-protocol-mecanic-lysis-of-planktonic-n92ldyq88l5b/v1; https://www.protocols.io/view/rna-dna-extraction-from-plankton-natural-samples-u-eq2lynz2qvx9/v1; https://www.fishersci.com/shop/products/nucleospin-rna-ii-740955-250/NC0707522; https://www.mn-net.com/lysis-buffer-ra1-740961,metag,52669421,PAIRED,metag,metag,metag,metag,NA,NA,DNA Polymerase:taq Q5;NoPCRs:2;PCRvolume:30;Nocycles:10,software,Illumina NovaSeq 6000,44.7,4380.6,Qubit dsDNA BR (Broad range) Assays kit; Qubit 2.0 Fluorometer,METAGENOMIC,220712_JARVIS_HMNJKDSX3,DBB_AACJOSDA_1_HMNJKDSX3.UDI281,NA,DDC_AAAAOSDA_1_HMNJKDSX3.UDI201,NA,NA,Prod_ILL_BqADN_NEBUII_151_v4; Bq NEB Next Ultra II,PRJEB51688,PRJEB51660,NA,NA,NA,batch_1,NA,S4,151,1,UDI281,100,12-07-22,0.01,Y,"Duplicat pairs > 20,Adaptateurs/Kmers",Y
EMOBON_PiEGetxo_Wa_210824_0.2um_2,EMOBON_PiEGetxo_Wa_4,EMOBON_PiEGetxo_Wa_4_metag,EMOBON00038,DBD_AABP,DBB_AACK,https://www.protocols.io/view/cryogrinding-protocol-mecanic-lysis-of-planktonic-n92ldyq88l5b/v1; https://www.protocols.io/view/rna-dna-extraction-from-plankton-natural-samples-u-eq2lynz2qvx9/v1; https://www.fishersci.com/shop/products/nucleospin-rna-ii-740955-250/NC0707522; https://www.mn-net.com/lysis-buffer-ra1-740961,metag,56109594,PAIRED,metag,metag,metag,metag,NA,NA,DNA Polymerase:taq Q5;NoPCRs:2;PCRvolume:30;Nocycles:10,software,Illumina NovaSeq 6000,41,4018,Qubit dsDNA BR (Broad range) Assays kit; Qubit 2.0 Fluorometer,METAGENOMIC,220712_JARVIS_HMNJKDSX3,DBB_AACKOSDA_1_HMNJKDSX3.UDI198,NA,DDC_AAAAOSDA_1_HMNJKDSX3.UDI201,NA,NA,Prod_ILL_BqADN_NEBUII_151_v4; Bq NEB Next Ultra II,PRJEB51688,PRJEB51660,NA,NA,NA,batch_1,NA,S4,151,1,UDI198,100,12-07-22,0.03,Y,"Duplicat pairs > 20,Adaptateurs/Kmers",Y
EMOBON_PiEGetxo_Wa_210824_3um_blank,EMOBON_PiEGetxo_Wa_5,EMOBON_PiEGetxo_Wa_5_metag,EMOBON00039,DBD_AAAG,DBB_AAAG,https://www.protocols.io/view/cryogrinding-protocol-mecanic-lysis-of-planktonic-n92ldyq88l5b/v1; https://www.protocols.io/view/rna-dna-extraction-from-plankton-natural-samples-u-eq2lynz2qvx9/v1; https://www.fishersci.com/shop/products/nucleospin-rna-ii-740955-250/NC0707522; https://www.mn-net.com/lysis-buffer-ra1-740961,metag,78378535,PAIRED,metag,metag,metag,metag,NA,NA,DNA Polymerase:taq Q5;NoPCRs:2;PCRvolume:2;Nocycles:18,software,Illumina NovaSeq 6000,NA,NA,Qubit dsDNA BR (Broad range) Assays kit; Qubit 2.0 Fluorometer,METAGENOMIC,220622_JARVIS_HMGW5DSX3,DBB_AAAGOSDA_4_HMGW5DSX3.UDI202,NA,DDC_AAAAOSDA_4_HMGW5DSX3.UDI201,DDC_AAABOSDA_4_HMGW5DSX3.UDI213,NA,Prod_ILL_BqADN_NEBUII_151_v4; Bq NEB Next Ultra II,PRJEB51688,PRJEB51660,NA,NA,NA,batch_1,blank that gave seq,S4,151,4,UDI202,0,22-06-22,0.57,N,"Duplicat pairs > 20,Adaptateurs/Kmers",N
EMOBON_PiEGetxo_Wa_210824_0.2um_blank,EMOBON_PiEGetxo_Wa_6,EMOBON_PiEGetxo_Wa_6_metag,EMOBON00040,DBD_AAAH,DBB_AAAH,https://www.protocols.io/view/cryogrinding-protocol-mecanic-lysis-of-planktonic-n92ldyq88l5b/v1; https://www.protocols.io/view/rna-dna-extraction-from-plankton-natural-samples-u-eq2lynz2qvx9/v1; https://www.fishersci.com/shop/products/nucleospin-rna-ii-740955-250/NC0707522; https://www.mn-net.com/lysis-buffer-ra1-740961,metag,56472621,PAIRED,metag,metag,metag,metag,NA,NA,DNA Polymerase:taq Q5;NoPCRs:2;PCRvolume:2;Nocycles:18,software,Illumina NovaSeq 6000,NA,NA,Qubit dsDNA BR (Broad range) Assays kit; Qubit 2.0 Fluorometer,METAGENOMIC,220712_JARVIS_HMNJKDSX3,DBB_AAAHOSDA_4_HMNJKDSX3.UDI203,NA,DDC_AAAAOSDA_1_HMNJKDSX3.UDI201,NA,NA,Prod_ILL_BqADN_NEBUII_151_v4; Bq NEB Next Ultra II,PRJEB51688,PRJEB51660,NA,NA,NA,batch_1,blank with reads,S4,151,4,UDI203,0,12-07-22,0.73,N,"Duplicat pairs > 20,Adaptateurs/Kmers",N
EMOBON_RFormosa_Wa_210805_3um_1,EMOBON_RFormosa_Wa_1,EMOBON_RFormosa_Wa_1_metag,EMOBON00041,DBD_AABQ,DBB_AACL,https://www.protocols.io/view/cryogrinding-protocol-mecanic-lysis-of-planktonic-n92ldyq88l5b/v1; https://www.protocols.io/view/rna-dna-extraction-from-plankton-natural-samples-u-eq2lynz2qvx9/v1; https://www.fishersci.com/shop/products/nucleospin-rna-ii-740955-250/NC0707522; https://www.mn-net.com/lysis-buffer-ra1-740961,metag,89249928,PAIRED,metag,metag,metag,metag,NA,NA,DNA Polymerase:taq Q5;NoPCRs:2;PCRvolume:30;Nocycles:10,software,Illumina NovaSeq 6000,22.2,2175.6,Qubit dsDNA BR (Broad range) Assays kit; Qubit 2.0 Fluorometer,METAGENOMIC,220622_JARVIS_HMGW5DSX3,DBB_AACLOSDA_4_HMGW5DSX3.UDI210,NA,DDC_AAAAOSDA_4_HMGW5DSX3.UDI201,DDC_AAABOSDA_4_HMGW5DSX3.UDI213,NA,Prod_ILL_BqADN_NEBUII_151_v4; Bq NEB Next Ultra II,PRJEB51688,PRJEB51661,NA,NA,NA,batch_1,NA,S4,151,4,UDI210,100,22-06-22,0.04,Y,"Duplicat pairs > 20,Adaptateurs/Kmers",Y
EMOBON_RFormosa_Wa_210805_3um_2,EMOBON_RFormosa_Wa_2,EMOBON_RFormosa_Wa_2_metag,EMOBON00042,DBD_AABR,DBB_AACM,https://www.protocols.io/view/cryogrinding-protocol-mecanic-lysis-of-planktonic-n92ldyq88l5b/v1; https://www.protocols.io/view/rna-dna-extraction-from-plankton-natural-samples-u-eq2lynz2qvx9/v1; https://www.fishersci.com/shop/products/nucleospin-rna-ii-740955-250/NC0707522; https://www.mn-net.com/lysis-buffer-ra1-740961,metag,86019436,PAIRED,metag,metag,metag,metag,NA,NA,DNA Polymerase:taq Q5;NoPCRs:2;PCRvolume:30;Nocycles:10,software,Illumina NovaSeq 6000,19.95,1955.1,Qubit dsDNA BR (Broad range) Assays kit; Qubit 2.0 Fluorometer,METAGENOMIC,220622_JARVIS_HMGW5DSX3,DBB_AACMOSDA_4_HMGW5DSX3.UDI222,NA,DDC_AAAAOSDA_4_HMGW5DSX3.UDI201,DDC_AAABOSDA_4_HMGW5DSX3.UDI213,NA,Prod_ILL_BqADN_NEBUII_151_v4; Bq NEB Next Ultra II,PRJEB51688,PRJEB51661,NA,NA,NA,batch_1,NA,S4,151,4,UDI222,100,22-06-22,0.07,Y,"Duplicat pairs > 20,Adaptateurs/Kmers",Y
EMOBON_RFormosa_Wa_210805_0.2um_1,EMOBON_RFormosa_Wa_5,EMOBON_RFormosa_Wa_5_metag,EMOBON00043,DBD_AABS,DBB_AACN,https://www.protocols.io/view/cryogrinding-protocol-mecanic-lysis-of-planktonic-n92ldyq88l5b/v1; https://www.protocols.io/view/rna-dna-extraction-from-plankton-natural-samples-u-eq2lynz2qvx9/v1; https://www.fishersci.com/shop/products/nucleospin-rna-ii-740955-250/NC0707522; https://www.mn-net.com/lysis-buffer-ra1-740961,metag,63162629,PAIRED,metag,metag,metag,metag,NA,NA,DNA Polymerase:taq Q5;NoPCRs:2;PCRvolume:30;Nocycles:10,software,Illumina NovaSeq 6000,55.4,5429.2,Qubit dsDNA BR (Broad range) Assays kit; Qubit 2.0 Fluorometer,METAGENOMIC,220712_JARVIS_HMNJKDSX3,DBB_AACNOSDA_1_HMNJKDSX3.UDI234,NA,DDC_AAAAOSDA_1_HMNJKDSX3.UDI201,NA,NA,Prod_ILL_BqADN_NEBUII_151_v4; Bq NEB Next Ultra II,PRJEB51688,PRJEB51661,NA,NA,NA,batch_1,NA,S4,151,1,UDI234,100,12-07-22,0,Y,"Duplicat pairs > 20,Adaptateurs/Kmers",Y
EMOBON_RFormosa_Wa_210805_0.2um_2,EMOBON_RFormosa_Wa_6,EMOBON_RFormosa_Wa_6_metag,EMOBON00044,DBD_AABT,DBB_AACO,https://www.protocols.io/view/cryogrinding-protocol-mecanic-lysis-of-planktonic-n92ldyq88l5b/v1; https://www.protocols.io/view/rna-dna-extraction-from-plankton-natural-samples-u-eq2lynz2qvx9/v1; https://www.fishersci.com/shop/products/nucleospin-rna-ii-740955-250/NC0707522; https://www.mn-net.com/lysis-buffer-ra1-740961,metag,42523772,PAIRED,metag,metag,metag,metag,NA,NA,DNA Polymerase:taq Q5;NoPCRs:2;PCRvolume:30;Nocycles:10,software,Illumina NovaSeq 6000,49.3,4831.4,Qubit dsDNA BR (Broad range) Assays kit; Qubit 2.0 Fluorometer,METAGENOMIC,220712_JARVIS_HMNJKDSX3,DBB_AACOOSDA_1_HMNJKDSX3.UDI246,NA,DDC_AAAAOSDA_1_HMNJKDSX3.UDI201,NA,NA,Prod_ILL_BqADN_NEBUII_151_v4; Bq NEB Next Ultra II,PRJEB51688,PRJEB51661,NA,NA,NA,batch_1,NA,S4,151,1,UDI246,100,12-07-22,0.01,Y,"Duplicat pairs > 20,Adaptateurs/Kmers",Y
EMOBON_OSD74_Wa_210831_3um_1,EMOBON_OSD74_Wa_1,EMOBON_OSD74_Wa_1_metag,EMOBON00045,DBD_AABU,DBB_AACP,https://www.protocols.io/view/cryogrinding-protocol-mecanic-lysis-of-planktonic-n92ldyq88l5b/v1; https://www.protocols.io/view/rna-dna-extraction-from-plankton-natural-samples-u-eq2lynz2qvx9/v1; https://www.fishersci.com/shop/products/nucleospin-rna-ii-740955-250/NC0707522; https://www.mn-net.com/lysis-buffer-ra1-740961,metag,86482865,PAIRED,metag,metag,metag,metag,NA,NA,DNA Polymerase:taq Q5;NoPCRs:2;PCRvolume:30;Nocycles:10,software,Illumina NovaSeq 6000,6.69,655.6,Qubit dsDNA BR (Broad range) Assays kit; Qubit 2.0 Fluorometer,METAGENOMIC,220622_JARVIS_HMGW5DSX3,DBB_AACPOSDA_4_HMGW5DSX3.UDI258,NA,DDC_AAAAOSDA_4_HMGW5DSX3.UDI201,DDC_AAABOSDA_4_HMGW5DSX3.UDI213,NA,Prod_ILL_BqADN_NEBUII_151_v4; Bq NEB Next Ultra II,PRJEB51688,PRJEB51659,NA,NA,NA,batch_1,NA,S4,151,4,UDI258,100,22-06-22,0.12,Y,"Duplicat pairs > 20,Adaptateurs/Kmers",Y
EMOBON_OSD74_Wa_210831_0.2um_1,EMOBON_OSD74_Wa_2,EMOBON_OSD74_Wa_2_metag,EMOBON00046,DBD_AABV,DBB_AACQ,https://www.protocols.io/view/cryogrinding-protocol-mecanic-lysis-of-planktonic-n92ldyq88l5b/v1; https://www.protocols.io/view/rna-dna-extraction-from-plankton-natural-samples-u-eq2lynz2qvx9/v1; https://www.fishersci.com/shop/products/nucleospin-rna-ii-740955-250/NC0707522; https://www.mn-net.com/lysis-buffer-ra1-740961,metag,57640525,PAIRED,metag,metag,metag,metag,NA,NA,DNA Polymerase:taq Q5;NoPCRs:2;PCRvolume:30;Nocycles:10,software,Illumina NovaSeq 6000,68,6664,Qubit dsDNA BR (Broad range) Assays kit; Qubit 2.0 Fluorometer,METAGENOMIC,220712_JARVIS_HMNJKDSX3,DBB_AACQOSDA_1_HMNJKDSX3.UDI270,NA,DDC_AAAAOSDA_1_HMNJKDSX3.UDI201,NA,NA,Prod_ILL_BqADN_NEBUII_151_v4; Bq NEB Next Ultra II,PRJEB51688,PRJEB51659,NA,NA,NA,batch_1,NA,S4,151,1,UDI270,100,12-07-22,0.01,Y,"Duplicat pairs > 20,Adaptateurs/Kmers",Y
EMOBON_OSD74_Wa_210831_0.2um_2,EMOBON_OSD74_Wa_4,EMOBON_OSD74_Wa_4_metag,EMOBON00047,DBD_AABW,DBB_AACR,https://www.protocols.io/view/cryogrinding-protocol-mecanic-lysis-of-planktonic-n92ldyq88l5b/v1; https://www.protocols.io/view/rna-dna-extraction-from-plankton-natural-samples-u-eq2lynz2qvx9/v1; https://www.fishersci.com/shop/products/nucleospin-rna-ii-740955-250/NC0707522; https://www.mn-net.com/lysis-buffer-ra1-740961,metag,52133600,PAIRED,metag,metag,metag,metag,NA,NA,DNA Polymerase:taq Q5;NoPCRs:2;PCRvolume:30;Nocycles:10,software,Illumina NovaSeq 6000,50.9,4988.2,Qubit dsDNA BR (Broad range) Assays kit; Qubit 2.0 Fluorometer,METAGENOMIC,220712_JARVIS_HMNJKDSX3,DBB_AACROSDA_1_HMNJKDSX3.UDI282,NA,DDC_AAAAOSDA_1_HMNJKDSX3.UDI201,NA,NA,Prod_ILL_BqADN_NEBUII_151_v4; Bq NEB Next Ultra II,PRJEB51688,PRJEB51659,NA,NA,NA,batch_1,NA,S4,151,1,UDI282,100,12-07-22,0,Y,"Duplicat pairs > 20,Adaptateurs/Kmers",Y
EMOBON_AAOT_Wa_210622_3um_1,EMOBON_AAOT_Wa_1,EMOBON_AAOT_Wa_1_metag,EMOBON00048,DBD_AABX,DBB_AAAS,https://www.protocols.io/view/cryogrinding-protocol-mecanic-lysis-of-planktonic-n92ldyq88l5b/v1; https://www.protocols.io/view/rna-dna-extraction-from-plankton-natural-samples-u-eq2lynz2qvx9/v1; https://www.fishersci.com/shop/products/nucleospin-rna-ii-740955-250/NC0707522; https://www.mn-net.com/lysis-buffer-ra1-740961,metag,79607707,PAIRED,metag,metag,metag,metag,NA,NA,DNA Polymerase:taq Q5;NoPCRs:2;PCRvolume:30;Nocycles:10,software,Illumina NovaSeq 6000,8.07,790.9,Qubit dsDNA BR (Broad range) Assays kit; Qubit 2.0 Fluorometer,METAGENOMIC,220622_JARVIS_HMGW5DSX3,DBB_AAASOSDA_4_HMGW5DSX3.UDI206,NA,DDC_AAAAOSDA_4_HMGW5DSX3.UDI201,DDC_AAABOSDA_4_HMGW5DSX3.UDI213,NA,Prod_ILL_BqADN_NEBUII_151_v4; Bq NEB Next Ultra II,PRJEB51688,PRJEB50566,NA,NA,NA,batch_1,NA,S4,151,4,UDI206,100,22-06-22,0.19,Y,Adaptateurs/Kmers,Y
EMOBON_AAOT_Wa_210622_3um_2,EMOBON_AAOT_Wa_2,EMOBON_AAOT_Wa_2_metag,EMOBON00049,DBD_AABY,DBB_AAAT,https://www.protocols.io/view/cryogrinding-protocol-mecanic-lysis-of-planktonic-n92ldyq88l5b/v1; https://www.protocols.io/view/rna-dna-extraction-from-plankton-natural-samples-u-eq2lynz2qvx9/v1; https://www.fishersci.com/shop/products/nucleospin-rna-ii-740955-250/NC0707522; https://www.mn-net.com/lysis-buffer-ra1-740961,metag,78700756,PAIRED,metag,metag,metag,metag,NA,NA,DNA Polymerase:taq Q5;NoPCRs:2;PCRvolume:30;Nocycles:10,software,Illumina NovaSeq 6000,9.09,890.8,Qubit dsDNA BR (Broad range) Assays kit; Qubit 2.0 Fluorometer,METAGENOMIC,220622_JARVIS_HMGW5DSX3,DBB_AAATOSDA_4_HMGW5DSX3.UDI218,NA,DDC_AAAAOSDA_4_HMGW5DSX3.UDI201,DDC_AAABOSDA_4_HMGW5DSX3.UDI213,NA,Prod_ILL_BqADN_NEBUII_151_v4; Bq NEB Next Ultra II,PRJEB51688,PRJEB50566,NA,NA,NA,batch_1,NA,S4,151,4,UDI218,100,22-06-22,0.14,Y,Dimère adaptateur,Y
EMOBON_AAOT_Wa_210622_0.2um_1,EMOBON_AAOT_Wa_6,EMOBON_AAOT_Wa_6_metag,EMOBON00050,DBD_AABZ,DBB_AAAU,https://www.protocols.io/view/cryogrinding-protocol-mecanic-lysis-of-planktonic-n92ldyq88l5b/v1; https://www.protocols.io/view/rna-dna-extraction-from-plankton-natural-samples-u-eq2lynz2qvx9/v1; https://www.fishersci.com/shop/products/nucleospin-rna-ii-740955-250/NC0707522; https://www.mn-net.com/lysis-buffer-ra1-740961,metag,58319864,PAIRED,metag,metag,metag,metag,NA,NA,DNA Polymerase:taq Q5;NoPCRs:2;PCRvolume:30;Nocycles:10,software,Illumina NovaSeq 6000,16.85,1651.3,Qubit dsDNA BR (Broad range) Assays kit; Qubit 2.0 Fluorometer,METAGENOMIC,220712_JARVIS_HMNJKDSX3,DBB_AAAUOSDA_1_HMNJKDSX3.UDI230,NA,DDC_AAAAOSDA_1_HMNJKDSX3.UDI201,NA,NA,Prod_ILL_BqADN_NEBUII_151_v4; Bq NEB Next Ultra II,PRJEB51688,PRJEB50566,NA,NA,NA,batch_1,NA,S4,151,1,UDI230,100,12-07-22,0.02,Y,"Duplicat pairs > 20,Adaptateurs/Kmers",Y
EMOBON_AAOT_Wa_210622_0.2um_2,EMOBON_AAOT_Wa_7,EMOBON_AAOT_Wa_7_metag,EMOBON00051,DBD_AACA,DBB_AAAV,https://www.protocols.io/view/cryogrinding-protocol-mecanic-lysis-of-planktonic-n92ldyq88l5b/v1; https://www.protocols.io/view/rna-dna-extraction-from-plankton-natural-samples-u-eq2lynz2qvx9/v1; https://www.fishersci.com/shop/products/nucleospin-rna-ii-740955-250/NC0707522; https://www.mn-net.com/lysis-buffer-ra1-740961,metag,52213740,PAIRED,metag,metag,metag,metag,NA,NA,DNA Polymerase:taq Q5;NoPCRs:2;PCRvolume:30;Nocycles:10,software,Illumina NovaSeq 6000,24.6,2410.8,Qubit dsDNA BR (Broad range) Assays kit; Qubit 2.0 Fluorometer,METAGENOMIC,220712_JARVIS_HMNJKDSX3,DBB_AAAVOSDA_1_HMNJKDSX3.UDI242,NA,DDC_AAAAOSDA_1_HMNJKDSX3.UDI201,NA,NA,Prod_ILL_BqADN_NEBUII_151_v4; Bq NEB Next Ultra II,PRJEB51688,PRJEB50566,NA,NA,NA,batch_1,NA,S4,151,1,UDI242,100,12-07-22,0.01,Y,"Duplicat pairs > 20,Adaptateurs/Kmers",Y
EMOBON_AAOT_Wa_210809_3um_1,EMOBON_AAOT_Wa_21,EMOBON_AAOT_Wa_21_metag,EMOBON00052,DBD_AACB,DBB_AAAW,https://www.protocols.io/view/cryogrinding-protocol-mecanic-lysis-of-planktonic-n92ldyq88l5b/v1; https://www.protocols.io/view/rna-dna-extraction-from-plankton-natural-samples-u-eq2lynz2qvx9/v1; https://www.fishersci.com/shop/products/nucleospin-rna-ii-740955-250/NC0707522; https://www.mn-net.com/lysis-buffer-ra1-740961,metag,NA,NA,NA,NA,NA,NA,NA,NA,DNA Polymerase:taq Q5;NoPCRs:2;PCRvolume:30;Nocycles:10,NA,NA,0.839,82.2,Qubit dsDNA BR (Broad range) Assays kit; Qubit 2.0 Fluorometer,METAGENOMIC,NA,NA,NA,NA,NA,NA,Prod_ILL_BqADN_NEBUII_151_v4; Bq NEB Next Ultra II,PRJEB51688,PRJEB50566,NA,NA,NA,batch_1,low yields; seq library prep failed,NA,NA,NA,NA,NA,NA,NA,NA,NA,NA
EMOBON_AAOT_Wa_210809_3um_2,EMOBON_AAOT_Wa_22,EMOBON_AAOT_Wa_22_metag,EMOBON00053,DBD_AACC,DBB_AAAX,https://www.protocols.io/view/cryogrinding-protocol-mecanic-lysis-of-planktonic-n92ldyq88l5b/v1; https://www.protocols.io/view/rna-dna-extraction-from-plankton-natural-samples-u-eq2lynz2qvx9/v1; https://www.fishersci.com/shop/products/nucleospin-rna-ii-740955-250/NC0707522; https://www.mn-net.com/lysis-buffer-ra1-740961,metag,75900755,PAIRED,metag,metag,metag,metag,NA,NA,DNA Polymerase:taq Q5;NoPCRs:2;PCRvolume:30;Nocycles:10,software,Illumina NovaSeq 6000,1.195,117.1,Qubit dsDNA BR (Broad range) Assays kit; Qubit 2.0 Fluorometer,METAGENOMIC,220622_JARVIS_HMGW5DSX3,DBB_AAAXOSDA_4_HMGW5DSX3.UDI227,NA,DDC_AAAAOSDA_4_HMGW5DSX3.UDI201,DDC_AAABOSDA_4_HMGW5DSX3.UDI213,NA,Prod_ILL_BqADN_NEBUII_151_v4; Bq NEB Next Ultra II,PRJEB51688,PRJEB50566,NA,NA,NA,batch_1,NA,S4,151,4,UDI227,50,22-06-22,0.11,Y,"Duplicat pairs > 20,Adaptateurs/Kmers",Y
EMOBON_AAOT_Wa_210809_0.2um_1,EMOBON_AAOT_Wa_26,EMOBON_AAOT_Wa_26_metag,EMOBON00054,DBD_AACD,DBB_AAAY,https://www.protocols.io/view/cryogrinding-protocol-mecanic-lysis-of-planktonic-n92ldyq88l5b/v1; https://www.protocols.io/view/rna-dna-extraction-from-plankton-natural-samples-u-eq2lynz2qvx9/v1; https://www.fishersci.com/shop/products/nucleospin-rna-ii-740955-250/NC0707522; https://www.mn-net.com/lysis-buffer-ra1-740961,metag,51762061,PAIRED,metag,metag,metag,metag,NA,NA,DNA Polymerase:taq Q5;NoPCRs:2;PCRvolume:30;Nocycles:10,software,Illumina NovaSeq 6000,5.67,555.7,Qubit dsDNA BR (Broad range) Assays kit; Qubit 2.0 Fluorometer,METAGENOMIC,220712_JARVIS_HMNJKDSX3,DBB_AAAYOSDA_1_HMNJKDSX3.UDI254,NA,DDC_AAAAOSDA_1_HMNJKDSX3.UDI201,NA,NA,Prod_ILL_BqADN_NEBUII_151_v4; Bq NEB Next Ultra II,PRJEB51688,PRJEB50566,NA,NA,NA,batch_1,NA,S4,151,1,UDI254,100,12-07-22,0.01,Y,"Duplicat pairs > 20,Adaptateurs/Kmers",Y
EMOBON_AAOT_Wa_210809_0.2um_2,EMOBON_AAOT_Wa_27,EMOBON_AAOT_Wa_27_metag,EMOBON00055,DBD_AACE,DBB_AAAZ,https://www.protocols.io/view/cryogrinding-protocol-mecanic-lysis-of-planktonic-n92ldyq88l5b/v1; https://www.protocols.io/view/rna-dna-extraction-from-plankton-natural-samples-u-eq2lynz2qvx9/v1; https://www.fishersci.com/shop/products/nucleospin-rna-ii-740955-250/NC0707522; https://www.mn-net.com/lysis-buffer-ra1-740961,metag,46817773,PAIRED,metag,metag,metag,metag,NA,NA,DNA Polymerase:taq Q5;NoPCRs:2;PCRvolume:30;Nocycles:10,software,Illumina NovaSeq 6000,5.21,510.6,Qubit dsDNA BR (Broad range) Assays kit; Qubit 2.0 Fluorometer,METAGENOMIC,220712_JARVIS_HMNJKDSX3,DBB_AAAZOSDA_1_HMNJKDSX3.UDI266,NA,DDC_AAAAOSDA_1_HMNJKDSX3.UDI201,NA,NA,Prod_ILL_BqADN_NEBUII_151_v4; Bq NEB Next Ultra II,PRJEB51688,PRJEB50566,NA,NA,NA,batch_1,NA,S4,151,1,UDI266,100,12-07-22,0.02,Y,"Duplicat pairs > 20,Adaptateurs/Kmers",Y
EMOBON_NRMCB_Wa_210621_3um_1,EMOBON_NRMCB_Wa_1,EMOBON_NRMCB_Wa_1_metag,EMOBON00056,DBD_AACF,DBB_AABA,https://www.protocols.io/view/cryogrinding-protocol-mecanic-lysis-of-planktonic-n92ldyq88l5b/v1; https://www.protocols.io/view/rna-dna-extraction-from-plankton-natural-samples-u-eq2lynz2qvx9/v1; https://www.fishersci.com/shop/products/nucleospin-rna-ii-740955-250/NC0707522; https://www.mn-net.com/lysis-buffer-ra1-740961,metag,81490002,PAIRED,metag,metag,metag,metag,NA,NA,DNA Polymerase:taq Q5;NoPCRs:2;PCRvolume:30;Nocycles:10,software,Illumina NovaSeq 6000,8.29,812.4,Qubit dsDNA BR (Broad range) Assays kit; Qubit 2.0 Fluorometer,METAGENOMIC,220622_JARVIS_HMGW5DSX3,DBB_AABAOSDA_4_HMGW5DSX3.UDI278,NA,DDC_AAAAOSDA_4_HMGW5DSX3.UDI201,DDC_AAABOSDA_4_HMGW5DSX3.UDI213,NA,Prod_ILL_BqADN_NEBUII_151_v4; Bq NEB Next Ultra II,PRJEB51688,PRJEB51658,NA,NA,NA,batch_1,NA,S4,151,4,UDI278,100,22-06-22,0.22,Y,Dimère adaptateur,Y
EMOBON_NRMCB_Wa_210621_3um_2,EMOBON_NRMCB_Wa_2,EMOBON_NRMCB_Wa_2_metag,EMOBON00057,DBD_AACG,DBB_AABB,https://www.protocols.io/view/cryogrinding-protocol-mecanic-lysis-of-planktonic-n92ldyq88l5b/v1; https://www.protocols.io/view/rna-dna-extraction-from-plankton-natural-samples-u-eq2lynz2qvx9/v1; https://www.fishersci.com/shop/products/nucleospin-rna-ii-740955-250/NC0707522; https://www.mn-net.com/lysis-buffer-ra1-740961,metag,85203137,PAIRED,metag,metag,metag,metag,NA,NA,DNA Polymerase:taq Q5;NoPCRs:2;PCRvolume:30;Nocycles:10,software,Illumina NovaSeq 6000,9.41,922.2,Qubit dsDNA BR (Broad range) Assays kit; Qubit 2.0 Fluorometer,METAGENOMIC,220622_JARVIS_HMGW5DSX3,DBB_AABBOSDA_4_HMGW5DSX3.UDI195,NA,DDC_AAAAOSDA_4_HMGW5DSX3.UDI201,DDC_AAABOSDA_4_HMGW5DSX3.UDI213,NA,Prod_ILL_BqADN_NEBUII_151_v4; Bq NEB Next Ultra II,PRJEB51688,PRJEB51658,NA,NA,NA,batch_1,NA,S4,151,4,UDI195,100,22-06-22,0.25,Y,Adaptateurs/Kmers,Y
EMOBON_NRMCB_Wa_210621_0.2um_1,EMOBON_NRMCB_Wa_7,EMOBON_NRMCB_Wa_7_metag,EMOBON00059,DBD_AACH,DBB_AABG,https://www.protocols.io/view/cryogrinding-protocol-mecanic-lysis-of-planktonic-n92ldyq88l5b/v1; https://www.protocols.io/view/rna-dna-extraction-from-plankton-natural-samples-u-eq2lynz2qvx9/v1; https://www.fishersci.com/shop/products/nucleospin-rna-ii-740955-250/NC0707522; https://www.mn-net.com/lysis-buffer-ra1-740961,metag,NA,NA,NA,NA,NA,NA,NA,NA,DNA Polymerase:taq Q5;NoPCRs:2;PCRvolume:30;Nocycles:10,NA,NA,2.55,249.9,Qubit dsDNA BR (Broad range) Assays kit; Qubit 2.0 Fluorometer,METAGENOMIC,NA,NA,NA,NA,NA,NA,Prod_ILL_BqADN_NEBUII_151_v4; Bq NEB Next Ultra II,PRJEB51688,PRJEB51658,NA,NA,NA,batch_1,low yields; seq library prep failed twice,NA,NA,NA,NA,100,NA,NA,NA,NA,NA
EMOBON_NRMCB_Wa_210621_0.2um_2,EMOBON_NRMCB_Wa_8,EMOBON_NRMCB_Wa_8_metag,EMOBON00060,DBD_AACI,DBB_AABH,https://www.protocols.io/view/cryogrinding-protocol-mecanic-lysis-of-planktonic-n92ldyq88l5b/v1; https://www.protocols.io/view/rna-dna-extraction-from-plankton-natural-samples-u-eq2lynz2qvx9/v1; https://www.fishersci.com/shop/products/nucleospin-rna-ii-740955-250/NC0707522; https://www.mn-net.com/lysis-buffer-ra1-740961,metag,NA,NA,NA,NA,NA,NA,NA,NA,DNA Polymerase:taq Q5;NoPCRs:2;PCRvolume:30;Nocycles:10,NA,NA,4.06,397.9,Qubit dsDNA BR (Broad range) Assays kit; Qubit 2.0 Fluorometer,METAGENOMIC,NA,NA,NA,NA,NA,NA,Prod_ILL_BqADN_NEBUII_151_v4; Bq NEB Next Ultra II,PRJEB51688,PRJEB51658,NA,NA,NA,batch_1,low yields; seq library prep failed twice,NA,NA,NA,NA,100;71;1,NA,NA,NA,NA,NA
EMOBON_NRMCB_Wa_210831_3um_1,EMOBON_NRMCB_Wa_23,EMOBON_NRMCB_Wa_23_metag,EMOBON00062,DBD_AACJ,DBB_AABM,https://www.protocols.io/view/cryogrinding-protocol-mecanic-lysis-of-planktonic-n92ldyq88l5b/v1; https://www.protocols.io/view/rna-dna-extraction-from-plankton-natural-samples-u-eq2lynz2qvx9/v1; https://www.fishersci.com/shop/products/nucleospin-rna-ii-740955-250/NC0707522; https://www.mn-net.com/lysis-buffer-ra1-740961,metag,94643683,PAIRED,metag,metag,metag,metag,NA,NA,DNA Polymerase:taq Q5;NoPCRs:2;PCRvolume:30;Nocycles:10,software,Illumina NovaSeq 6000,12.7,1244.6,Qubit dsDNA BR (Broad range) Assays kit; Qubit 2.0 Fluorometer,METAGENOMIC,220622_JARVIS_HMGW5DSX3,DBB_AABMOSDA_4_HMGW5DSX3.UDI196,NA,DDC_AAAAOSDA_4_HMGW5DSX3.UDI201,DDC_AAABOSDA_4_HMGW5DSX3.UDI213,NA,Prod_ILL_BqADN_NEBUII_151_v4; Bq NEB Next Ultra II,PRJEB51688,PRJEB51658,NA,NA,NA,batch_1,NA,S4,151,4,UDI196,100,22-06-22,0.24,Y,"Duplicat pairs > 20,Adaptateurs/Kmers",Y
EMOBON_NRMCB_Wa_210831_3um_2,EMOBON_NRMCB_Wa_24,EMOBON_NRMCB_Wa_24_metag,EMOBON00063,DBD_AACK,DBB_AABN,https://www.protocols.io/view/cryogrinding-protocol-mecanic-lysis-of-planktonic-n92ldyq88l5b/v1; https://www.protocols.io/view/rna-dna-extraction-from-plankton-natural-samples-u-eq2lynz2qvx9/v1; https://www.fishersci.com/shop/products/nucleospin-rna-ii-740955-250/NC0707522; https://www.mn-net.com/lysis-buffer-ra1-740961,metag,93992399,PAIRED,metag,metag,metag,metag,NA,NA,DNA Polymerase:taq Q5;NoPCRs:2;PCRvolume:30;Nocycles:10,software,Illumina NovaSeq 6000,19.7,1930.6,Qubit dsDNA BR (Broad range) Assays kit; Qubit 2.0 Fluorometer,METAGENOMIC,220622_JARVIS_HMGW5DSX3,DBB_AABNOSDA_4_HMGW5DSX3.UDI208,NA,DDC_AAAAOSDA_4_HMGW5DSX3.UDI201,DDC_AAABOSDA_4_HMGW5DSX3.UDI213,NA,Prod_ILL_BqADN_NEBUII_151_v4; Bq NEB Next Ultra II,PRJEB51688,PRJEB51658,NA,NA,NA,batch_1,NA,S4,151,4,UDI208,100,22-06-22,0.1,Y,"Duplicat pairs > 20,Adaptateurs/Kmers",Y
EMOBON_NRMCB_Wa_210831_3um_blank,EMOBON_NRMCB_Wa_27,EMOBON_NRMCB_Wa_27_metag,EMOBON00064,DBD_AAAI,DBB_AABY,https://www.protocols.io/view/cryogrinding-protocol-mecanic-lysis-of-planktonic-n92ldyq88l5b/v1; https://www.protocols.io/view/rna-dna-extraction-from-plankton-natural-samples-u-eq2lynz2qvx9/v1; https://www.fishersci.com/shop/products/nucleospin-rna-ii-740955-250/NC0707522; https://www.mn-net.com/lysis-buffer-ra1-740961,metag,72214522,PAIRED,metag,metag,metag,metag,NA,NA,DNA Polymerase:taq Q5;NoPCRs:2;PCRvolume:30;Nocycles:14,software,Illumina NovaSeq 6000,0.108,10.6,Qubit dsDNA BR (Broad range) Assays kit; Qubit 2.0 Fluorometer,METAGENOMIC,220622_JARVIS_HMGW5DSX3,DBB_AABYOSDA_4_HMGW5DSX3.UDI214,NA,DDC_AAAAOSDA_4_HMGW5DSX3.UDI201,DDC_AAABOSDA_4_HMGW5DSX3.UDI213,NA,Prod_ILL_BqADN_NEBUII_151_v4; Bq NEB Next Ultra II,PRJEB51688,PRJEB51658,NA,NA,NA,batch_1,blank with reads,S4,151,4,UDI214,NA,22-06-22,0.08,N,"Duplicat pairs > 20,Adaptateurs/Kmers",N
EMOBON_NRMCB_Wa_210831_0.2um_1,EMOBON_NRMCB_Wa_28,EMOBON_NRMCB_Wa_28_metag,EMOBON00065,DBD_AACL,DBB_AABS,https://www.protocols.io/view/cryogrinding-protocol-mecanic-lysis-of-planktonic-n92ldyq88l5b/v1; https://www.protocols.io/view/rna-dna-extraction-from-plankton-natural-samples-u-eq2lynz2qvx9/v1; https://www.fishersci.com/shop/products/nucleospin-rna-ii-740955-250/NC0707522; https://www.mn-net.com/lysis-buffer-ra1-740961,metag,50959007,PAIRED,metag,metag,metag,metag,NA,NA,DNA Polymerase:taq Q5;NoPCRs:2;PCRvolume:30;Nocycles:10,software,Illumina NovaSeq 6000,17.9,1754.2,Qubit dsDNA BR (Broad range) Assays kit; Qubit 2.0 Fluorometer,METAGENOMIC,220712_JARVIS_HMNJKDSX3,DBB_AABSOSDA_1_HMNJKDSX3.UDI220,NA,DDC_AAAAOSDA_1_HMNJKDSX3.UDI201,NA,NA,Prod_ILL_BqADN_NEBUII_151_v4; Bq NEB Next Ultra II,PRJEB51688,PRJEB51658,NA,NA,NA,batch_1,NA,S4,151,1,UDI220,100,12-07-22,0.03,Y,"Duplicat pairs > 20,Adaptateurs/Kmers",Y
EMOBON_NRMCB_Wa_210831_0.2um_2,EMOBON_NRMCB_Wa_29,EMOBON_NRMCB_Wa_29_metag,EMOBON00066,DBD_AACM,DBB_AABT,https://www.protocols.io/view/cryogrinding-protocol-mecanic-lysis-of-planktonic-n92ldyq88l5b/v1; https://www.protocols.io/view/rna-dna-extraction-from-plankton-natural-samples-u-eq2lynz2qvx9/v1; https://www.fishersci.com/shop/products/nucleospin-rna-ii-740955-250/NC0707522; https://www.mn-net.com/lysis-buffer-ra1-740961,metag,67900169,PAIRED,metag,metag,metag,metag,NA,NA,DNA Polymerase:taq Q5;NoPCRs:2;PCRvolume:30;Nocycles:10,software,Illumina NovaSeq 6000,10.75,1053.5,Qubit dsDNA BR (Broad range) Assays kit; Qubit 2.0 Fluorometer,METAGENOMIC,220712_JARVIS_HMNJKDSX3,DBB_AABTOSDA_1_HMNJKDSX3.UDI232,NA,DDC_AAAAOSDA_1_HMNJKDSX3.UDI201,NA,NA,Prod_ILL_BqADN_NEBUII_151_v4; Bq NEB Next Ultra II,PRJEB51688,PRJEB51658,NA,NA,NA,batch_1,NA,S4,151,1,UDI232,100,12-07-22,0.02,Y,"Duplicat pairs > 20,Adaptateurs/Kmers",Y
EMOBON_NRMCB_Wa_210831_0.2um_blank,EMOBON_NRMCB_Wa_32,EMOBON_NRMCB_Wa_32_metag,EMOBON00067,DBD_AAAJ,DBB_AABZ,https://www.protocols.io/view/cryogrinding-protocol-mecanic-lysis-of-planktonic-n92ldyq88l5b/v1; https://www.protocols.io/view/rna-dna-extraction-from-plankton-natural-samples-u-eq2lynz2qvx9/v1; https://www.fishersci.com/shop/products/nucleospin-rna-ii-740955-250/NC0707522; https://www.mn-net.com/lysis-buffer-ra1-740961,metag,47344899,PAIRED,metag,metag,metag,metag,NA,NA,DNA Polymerase:taq Q5;NoPCRs:2;PCRvolume:30;Nocycles:14,software,Illumina NovaSeq 6000,0.215,21.1,Qubit dsDNA BR (Broad range) Assays kit; Qubit 2.0 Fluorometer,METAGENOMIC,220712_JARVIS_HMNJKDSX3,DBB_AABZOSDA_4_HMNJKDSX3.UDI215,NA,DDC_AAAAOSDA_1_HMNJKDSX3.UDI201,NA,NA,Prod_ILL_BqADN_NEBUII_151_v4; Bq NEB Next Ultra II,PRJEB51688,PRJEB51658,NA,NA,NA,batch_1,blank with reads,S4,151,4,UDI215,NA,12-07-22,0.11,N,"Duplicat pairs > 20,Adaptateurs/Kmers",N
EMOBON_HCMR-1_Wa_210628_3um_1,EMOBON_HCMR-1_Wa_1,EMOBON_HCMR-1_Wa_1_metag,EMOBON00068,DBD_AAAO,DBB_AABI,https://www.protocols.io/view/cryogrinding-protocol-mecanic-lysis-of-planktonic-n92ldyq88l5b/v1; https://www.protocols.io/view/rna-dna-extraction-from-plankton-natural-samples-u-eq2lynz2qvx9/v1; https://www.fishersci.com/shop/products/nucleospin-rna-ii-740955-250/NC0707522; https://www.mn-net.com/lysis-buffer-ra1-740961,metag,73358810,PAIRED,metag,metag,metag,metag,NA,NA,DNA Polymerase:taq Q5;NoPCRs:2;PCRvolume:30;Nocycles:10,software,Illumina NovaSeq 6000,1.215,119.1,Qubit dsDNA BR (Broad range) Assays kit; Qubit 2.0 Fluorometer,METAGENOMIC,220622_JARVIS_HMGW5DSX3,DBB_AABIOSDA_4_HMGW5DSX3.UDI238,NA,DDC_AAAAOSDA_4_HMGW5DSX3.UDI201,DDC_AAABOSDA_4_HMGW5DSX3.UDI213,NA,Prod_ILL_BqADN_NEBUII_151_v4; Bq NEB Next Ultra II,PRJEB51688,PRJEB51655,NA,NA,NA,batch_1,NA,S4,151,4,UDI238,50,22-06-22,0.13,Y,Duplicat pairs > 20,Y
EMOBON_HCMR-1_Wa_210628_3um_2,EMOBON_HCMR-1_Wa_2,EMOBON_HCMR-1_Wa_2_metag,EMOBON00069,DBD_AAAP,DBB_AABJ,https://www.protocols.io/view/cryogrinding-protocol-mecanic-lysis-of-planktonic-n92ldyq88l5b/v1; https://www.protocols.io/view/rna-dna-extraction-from-plankton-natural-samples-u-eq2lynz2qvx9/v1; https://www.fishersci.com/shop/products/nucleospin-rna-ii-740955-250/NC0707522; https://www.mn-net.com/lysis-buffer-ra1-740961,metag,NA,NA,NA,NA,NA,NA,NA,NA,DNA Polymerase:taq Q5;NoPCRs:2;PCRvolume:30;Nocycles:10,NA,NA,0.302,29.6,Qubit dsDNA BR (Broad range) Assays kit; Qubit 2.0 Fluorometer,METAGENOMIC,NA,NA,NA,NA,NA,NA,Prod_ILL_BqADN_NEBUII_151_v4; Bq NEB Next Ultra II,PRJEB51688,PRJEB51655,NA,NA,NA,batch_1,low yields; seq library prep failed,NA,NA,NA,NA,NA,NA,NA,NA,NA,NA
EMOBON_HCMR-1_Wa_210628_0.2um_1,EMOBON_HCMR-1_Wa_5,EMOBON_HCMR-1_Wa_5_metag,EMOBON00071,DBD_AAAQ,DBB_AABK,https://www.protocols.io/view/cryogrinding-protocol-mecanic-lysis-of-planktonic-n92ldyq88l5b/v1; https://www.protocols.io/view/rna-dna-extraction-from-plankton-natural-samples-u-eq2lynz2qvx9/v1; https://www.fishersci.com/shop/products/nucleospin-rna-ii-740955-250/NC0707522; https://www.mn-net.com/lysis-buffer-ra1-740961,metag,49923687,PAIRED,metag,metag,metag,metag,NA,NA,DNA Polymerase:taq Q5;NoPCRs:2;PCRvolume:30;Nocycles:10,software,Illumina NovaSeq 6000,4.83,473.3,Qubit dsDNA BR (Broad range) Assays kit; Qubit 2.0 Fluorometer,METAGENOMIC,220712_JARVIS_HMNJKDSX3,DBB_AABKOSDA_1_HMNJKDSX3.UDI267,NA,DDC_AAAAOSDA_1_HMNJKDSX3.UDI201,NA,NA,Prod_ILL_BqADN_NEBUII_151_v4; Bq NEB Next Ultra II,PRJEB51688,PRJEB51655,NA,NA,NA,batch_1,NA,S4,151,1,UDI267,100,12-07-22,0.02,Y,"Duplicat pairs > 20,Adaptateurs/Kmers",Y
EMOBON_HCMR-1_Wa_210628_0.2um_2,EMOBON_HCMR-1_Wa_6,EMOBON_HCMR-1_Wa_6_metag,EMOBON00072,DBD_AAAR,DBB_AABL,https://www.protocols.io/view/cryogrinding-protocol-mecanic-lysis-of-planktonic-n92ldyq88l5b/v1; https://www.protocols.io/view/rna-dna-extraction-from-plankton-natural-samples-u-eq2lynz2qvx9/v1; https://www.fishersci.com/shop/products/nucleospin-rna-ii-740955-250/NC0707522; https://www.mn-net.com/lysis-buffer-ra1-740961,metag,46200567,PAIRED,metag,metag,metag,metag,NA,NA,DNA Polymerase:taq Q5;NoPCRs:2;PCRvolume:30;Nocycles:10,software,Illumina NovaSeq 6000,8.05,788.9,Qubit dsDNA BR (Broad range) Assays kit; Qubit 2.0 Fluorometer,METAGENOMIC,220712_JARVIS_HMNJKDSX3,DBB_AABLOSDA_1_HMNJKDSX3.UDI279,NA,DDC_AAAAOSDA_1_HMNJKDSX3.UDI201,NA,NA,Prod_ILL_BqADN_NEBUII_151_v4; Bq NEB Next Ultra II,PRJEB51688,PRJEB51655,NA,NA,NA,batch_1,NA,S4,151,1,UDI279,100,12-07-22,0.06,Y,"Duplicat pairs > 20,Adaptateurs/Kmers",Y
EMOBON_HCMR-1_Wa_210917_3um_1,EMOBON_HCMR-1_Wa_13,EMOBON_HCMR-1_Wa_13_metag,EMOBON00074,DBD_AAAS,DBB_AABO,https://www.protocols.io/view/cryogrinding-protocol-mecanic-lysis-of-planktonic-n92ldyq88l5b/v1; https://www.protocols.io/view/rna-dna-extraction-from-plankton-natural-samples-u-eq2lynz2qvx9/v1; https://www.fishersci.com/shop/products/nucleospin-rna-ii-740955-250/NC0707522; https://www.mn-net.com/lysis-buffer-ra1-740961,metag,NA,NA,NA,NA,NA,NA,NA,NA,DNA Polymerase:taq Q5;NoPCRs:2;PCRvolume:30;Nocycles:10,NA,NA,0.471,36.7,Qubit dsDNA BR (Broad range) Assays kit; Qubit 2.0 Fluorometer,METAGENOMIC,NA,NA,NA,NA,NA,NA,Prod_ILL_BqADN_NEBUII_151_v4; Bq NEB Next Ultra II,PRJEB51688,PRJEB51655,NA,NA,NA,batch_1,low yields; seq library prep failed,NA,NA,NA,NA,NA,NA,NA,NA,NA,NA
EMOBON_HCMR-1_Wa_210917_3um_2,EMOBON_HCMR-1_Wa_14,EMOBON_HCMR-1_Wa_14_metag,EMOBON00075,DBD_AAAT,DBB_AABP,https://www.protocols.io/view/cryogrinding-protocol-mecanic-lysis-of-planktonic-n92ldyq88l5b/v1; https://www.protocols.io/view/rna-dna-extraction-from-plankton-natural-samples-u-eq2lynz2qvx9/v1; https://www.fishersci.com/shop/products/nucleospin-rna-ii-740955-250/NC0707522; https://www.mn-net.com/lysis-buffer-ra1-740961,metag,NA,NA,NA,NA,NA,NA,NA,NA,DNA Polymerase:taq Q5;NoPCRs:2;PCRvolume:30;Nocycles:10,NA,NA,0.298,21.8,Qubit dsDNA BR (Broad range) Assays kit; Qubit 2.0 Fluorometer,METAGENOMIC,NA,NA,NA,NA,NA,NA,Prod_ILL_BqADN_NEBUII_151_v4; Bq NEB Next Ultra II,PRJEB51688,PRJEB51655,NA,NA,NA,batch_1,low yields; seq library prep failed,NA,NA,NA,NA,NA,NA,NA,NA,NA,NA
EMOBON_HCMR-1_Wa_210917_3um_blank,EMOBON_HCMR-1_Wa_21,EMOBON_HCMR-1_Wa_21_metag,EMOBON00076,DBD_AAAE,DBB_AAAE,https://www.protocols.io/view/cryogrinding-protocol-mecanic-lysis-of-planktonic-n92ldyq88l5b/v1; https://www.protocols.io/view/rna-dna-extraction-from-plankton-natural-samples-u-eq2lynz2qvx9/v1; https://www.fishersci.com/shop/products/nucleospin-rna-ii-740955-250/NC0707522; https://www.mn-net.com/lysis-buffer-ra1-740961,metag,84837438,PAIRED,metag,metag,metag,metag,NA,NA,DNA Polymerase:taq Q5;NoPCRs:2;PCRvolume:30;Nocycles:11,software,Illumina NovaSeq 6000,0.878,77.3,Qubit dsDNA BR (Broad range) Assays kit; Qubit 2.0 Fluorometer,METAGENOMIC,220622_JARVIS_HMGW5DSX3,DBB_AAAEOSDA_4_HMGW5DSX3.UDI216,NA,DDC_AAAAOSDA_4_HMGW5DSX3.UDI201,DDC_AAABOSDA_4_HMGW5DSX3.UDI213,NA,Prod_ILL_BqADN_NEBUII_151_v4; Bq NEB Next Ultra II,PRJEB51688,PRJEB51655,NA,NA,NA,batch_1,blank with reads,S4,151,4,UDI216,43.9,22-06-22,0.01,N,"Duplicat pairs > 20,Adaptateurs/Kmers",N
EMOBON_HCMR-1_Wa_210917_0.2um_1,EMOBON_HCMR-1_Wa_17,EMOBON_HCMR-1_Wa_17_metag,EMOBON00077,DBD_AAAU,DBB_AABQ,https://www.protocols.io/view/cryogrinding-protocol-mecanic-lysis-of-planktonic-n92ldyq88l5b/v1; https://www.protocols.io/view/rna-dna-extraction-from-plankton-natural-samples-u-eq2lynz2qvx9/v1; https://www.fishersci.com/shop/products/nucleospin-rna-ii-740955-250/NC0707522; https://www.mn-net.com/lysis-buffer-ra1-740961,metag,NA,NA,NA,NA,NA,NA,NA,NA,DNA Polymerase:taq Q5;NoPCRs:2;PCRvolume:30;Nocycles:10,NA,NA,0.93,63.2,Qubit dsDNA BR (Broad range) Assays kit; Qubit 2.0 Fluorometer,METAGENOMIC,NA,NA,NA,NA,NA,NA,Prod_ILL_BqADN_NEBUII_151_v4; Bq NEB Next Ultra II,PRJEB51688,PRJEB51655,NA,NA,NA,batch_1,low yields; seq library prep failed,NA,NA,NA,NA,NA,NA,NA,NA,NA,NA
EMOBON_HCMR-1_Wa_210917_0.2um_2,EMOBON_HCMR-1_Wa_18,EMOBON_HCMR-1_Wa_18_metag,EMOBON00078,DBD_AAAV,DBB_AABR,https://www.protocols.io/view/cryogrinding-protocol-mecanic-lysis-of-planktonic-n92ldyq88l5b/v1; https://www.protocols.io/view/rna-dna-extraction-from-plankton-natural-samples-u-eq2lynz2qvx9/v1; https://www.fishersci.com/shop/products/nucleospin-rna-ii-740955-250/NC0707522; https://www.mn-net.com/lysis-buffer-ra1-740961,metag,NA,NA,NA,NA,NA,NA,NA,NA,DNA Polymerase:taq Q5;NoPCRs:2;PCRvolume:30;Nocycles:10,NA,NA,0.275,27,Qubit dsDNA BR (Broad range) Assays kit; Qubit 2.0 Fluorometer,METAGENOMIC,NA,NA,NA,NA,NA,NA,Prod_ILL_BqADN_NEBUII_151_v4; Bq NEB Next Ultra II,PRJEB51688,PRJEB51655,NA,NA,NA,batch_1,low yields; seq library prep failed,NA,NA,NA,NA,NA,NA,NA,NA,NA,NA
EMOBON_HCMR-1_Wa_210917_0.2um_blank,EMOBON_HCMR-1_Wa_23,EMOBON_HCMR-1_Wa_23_metag,EMOBON00079,DBD_AAAF,DBB_AAAF,https://www.protocols.io/view/cryogrinding-protocol-mecanic-lysis-of-planktonic-n92ldyq88l5b/v1; https://www.protocols.io/view/rna-dna-extraction-from-plankton-natural-samples-u-eq2lynz2qvx9/v1; https://www.fishersci.com/shop/products/nucleospin-rna-ii-740955-250/NC0707522; https://www.mn-net.com/lysis-buffer-ra1-740961,metag,99665308,PAIRED,metag,metag,metag,metag,NA,NA,DNA Polymerase:taq Q5;NoPCRs:2;PCRvolume:30;Nocycles:10,software,Illumina NovaSeq 6000,3.57,314.2,Qubit dsDNA BR (Broad range) Assays kit; Qubit 2.0 Fluorometer,METAGENOMIC,220622_JARVIS_HMGW5DSX3,DBB_AAAFOSDA_4_HMGW5DSX3.UDI193,NA,DDC_AAAAOSDA_4_HMGW5DSX3.UDI201,DDC_AAABOSDA_4_HMGW5DSX3.UDI213,NA,Prod_ILL_BqADN_NEBUII_151_v4; Bq NEB Next Ultra II,PRJEB51688,PRJEB51655,NA,NA,NA,batch_1,blank with reads,S4,151,4,UDI193,100,22-06-22,NA,N,Duplicat pairs > 20,N
EMOBON_IUIEilat1_Wa_210829_0.2um_1,EMOBON_IUIEilat_Wa_1,EMOBON_IUIEilat_Wa_1_metag,EMOBON00080,DBD_AACN,DBB_AAAM,https://www.protocols.io/view/cryogrinding-protocol-mecanic-lysis-of-planktonic-n92ldyq88l5b/v1; https://www.protocols.io/view/rna-dna-extraction-from-plankton-natural-samples-u-eq2lynz2qvx9/v1; https://www.fishersci.com/shop/products/nucleospin-rna-ii-740955-250/NC0707522; https://www.mn-net.com/lysis-buffer-ra1-740961,metag,82699976,PAIRED,metag,metag,metag,metag,NA,NA,DNA Polymerase:taq Q5;NoPCRs:2;PCRvolume:30;Nocycles:10,software,Illumina NovaSeq 6000,6.32,619.4,Qubit dsDNA BR (Broad range) Assays kit; Qubit 2.0 Fluorometer,METAGENOMIC,220622_JARVIS_HMGW5DSX3,DBB_AAAMOSDA_4_HMGW5DSX3.UDI241,NA,DDC_AAAAOSDA_4_HMGW5DSX3.UDI201,DDC_AAABOSDA_4_HMGW5DSX3.UDI213,NA,Prod_ILL_BqADN_NEBUII_151_v4; Bq NEB Next Ultra II,PRJEB51688,PRJEB51656,NA,NA,NA,batch_1,NA,S4,151,4,UDI241,100,22-06-22,0.03,Y,"Duplicat pairs > 20,Adaptateurs/Kmers",Y
EMOBON_IUIEilat1_Wa_210829_0.2um_2,EMOBON_IUIEilat_Wa_2,EMOBON_IUIEilat_Wa_2_metag,EMOBON00081,DBD_AACO,DBB_AAAN,https://www.protocols.io/view/cryogrinding-protocol-mecanic-lysis-of-planktonic-n92ldyq88l5b/v1; https://www.protocols.io/view/rna-dna-extraction-from-plankton-natural-samples-u-eq2lynz2qvx9/v1; https://www.fishersci.com/shop/products/nucleospin-rna-ii-740955-250/NC0707522; https://www.mn-net.com/lysis-buffer-ra1-740961,metag,88753591,PAIRED,metag,metag,metag,metag,NA,NA,DNA Polymerase:taq Q5;NoPCRs:2;PCRvolume:30;Nocycles:10,software,Illumina NovaSeq 6000,9.62,942.8,Qubit dsDNA BR (Broad range) Assays kit; Qubit 2.0 Fluorometer,METAGENOMIC,220622_JARVIS_HMGW5DSX3,DBB_AAANOSDA_4_HMGW5DSX3.UDI253,NA,DDC_AAAAOSDA_4_HMGW5DSX3.UDI201,DDC_AAABOSDA_4_HMGW5DSX3.UDI213,NA,Prod_ILL_BqADN_NEBUII_151_v4; Bq NEB Next Ultra II,PRJEB51688,PRJEB51656,NA,NA,NA,batch_1,NA,S4,151,4,UDI253,100,22-06-22,0.01,Y,"Duplicat pairs > 20,Adaptateurs/Kmers",Y
EMOBON_IUIEilat1_Wa_210829_3um_1,EMOBON_IUIEilat_Wa_5,EMOBON_IUIEilat_Wa_5_metag,EMOBON00082,DBD_AACP,DBB_AAAO,https://www.protocols.io/view/cryogrinding-protocol-mecanic-lysis-of-planktonic-n92ldyq88l5b/v1; https://www.protocols.io/view/rna-dna-extraction-from-plankton-natural-samples-u-eq2lynz2qvx9/v1; https://www.fishersci.com/shop/products/nucleospin-rna-ii-740955-250/NC0707522; https://www.mn-net.com/lysis-buffer-ra1-740961,metag,62617985,PAIRED,metag,metag,metag,metag,NA,NA,DNA Polymerase:taq Q5;NoPCRs:2;PCRvolume:30;Nocycles:10,software,Illumina NovaSeq 6000,1.505,147.5,Qubit dsDNA BR (Broad range) Assays kit; Qubit 2.0 Fluorometer,METAGENOMIC,220622_JARVIS_HMGW5DSX3,DBB_AAAOOSDA_4_HMGW5DSX3.UDI226,NA,DDC_AAAAOSDA_4_HMGW5DSX3.UDI201,DDC_AAABOSDA_4_HMGW5DSX3.UDI213,NA,Prod_ILL_BqADN_NEBUII_151_v4; Bq NEB Next Ultra II,PRJEB51688,PRJEB51656,NA,NA,NA,batch_1,NA,S4,151,4,UDI226,50,22-06-22,0.13,Y,Adaptateurs/Kmers,Y
EMOBON_IUIEilat1_Wa_210829_3um_2,EMOBON_IUIEilat_Wa_6,EMOBON_IUIEilat_Wa_6_metag,EMOBON00083,DBD_AACQ,DBB_AAAP,https://www.protocols.io/view/cryogrinding-protocol-mecanic-lysis-of-planktonic-n92ldyq88l5b/v1; https://www.protocols.io/view/rna-dna-extraction-from-plankton-natural-samples-u-eq2lynz2qvx9/v1; https://www.fishersci.com/shop/products/nucleospin-rna-ii-740955-250/NC0707522; https://www.mn-net.com/lysis-buffer-ra1-740961,metag,83595057,PAIRED,metag,metag,metag,metag,NA,NA,DNA Polymerase:taq Q5;NoPCRs:2;PCRvolume:30;Nocycles:10,software,Illumina NovaSeq 6000,1.92,188.2,Qubit dsDNA BR (Broad range) Assays kit; Qubit 2.0 Fluorometer,METAGENOMIC,220622_JARVIS_HMGW5DSX3,DBB_AAAPOSDA_4_HMGW5DSX3.UDI265,NA,DDC_AAAAOSDA_4_HMGW5DSX3.UDI201,DDC_AAABOSDA_4_HMGW5DSX3.UDI213,NA,Prod_ILL_BqADN_NEBUII_151_v4; Bq NEB Next Ultra II,PRJEB51688,PRJEB51656,NA,NA,NA,batch_1,NA,S4,151,4,UDI265,96,22-06-22,0.15,Y,"Duplicat pairs > 20,Adaptateurs/Kmers",Y
EMOBON_BPNS_So_210726_micro_1,EMOBON_BPNS_So_5,EMOBON_BPNS_So_5_metag,EMOBON00084,DBG_AAAN,DBH_AAAN,https://www.qiagen.com/us/products/discovery-and-translational-research/dna-rna-purification/dna-purification/microbial-dna/dneasy-powersoil-pro-kit?catno=47016,metag,47913214,PAIRED,metag,metag,metag,metag,NA,NA,DNA Polymerase:taq Q5;NoPCRs:2;PCRvolume:30;Nocycles:10,software,Illumina NovaSeq 6000,13.9,1264.9,Qubit dsDNA BR (Broad range) Assays kit; Qubit 2.0 Fluorometer,METAGENOMIC,220712_JARVIS_HMNJKDSX3,DBH_AAANOSDA_1_HMNJKDSX3.UDI248,NA,DDC_AAAAOSDA_1_HMNJKDSX3.UDI201,NA,NA,Prod_ILL_BqADN_NEBUII_151_v4; Bq NEB Next Ultra II,PRJEB51688,PRJEB51652,NA,NA,NA,batch_1,NA,S4,151,1,UDI248,100,12-07-22,0.01,Y,"Duplicat pairs > 20,Adaptateurs/Kmers",Y
EMOBON_BPNS_So_210726_micro_2,EMOBON_BPNS_So_6,EMOBON_BPNS_So_6_metag,EMOBON00085,DBG_AAAO,DBH_AAAO,https://www.qiagen.com/us/products/discovery-and-translational-research/dna-rna-purification/dna-purification/microbial-dna/dneasy-powersoil-pro-kit?catno=47016,metag,43017431,PAIRED,metag,metag,metag,metag,NA,NA,DNA Polymerase:taq Q5;NoPCRs:2;PCRvolume:30;Nocycles:10,software,Illumina NovaSeq 6000,5.33,485,Qubit dsDNA BR (Broad range) Assays kit; Qubit 2.0 Fluorometer,METAGENOMIC,220712_JARVIS_HMNJKDSX3,DBH_AAAOOSDA_1_HMNJKDSX3.UDI260,NA,DDC_AAAAOSDA_1_HMNJKDSX3.UDI201,NA,NA,Prod_ILL_BqADN_NEBUII_151_v4; Bq NEB Next Ultra II,PRJEB51688,PRJEB51652,NA,NA,NA,batch_1,NA,S4,151,1,UDI260,100,12-07-22,0,Y,"Duplicat pairs > 20,Adaptateurs/Kmers",Y
EMOBON_BPNS_So_210825_micro_2,EMOBON_BPNS_So_12,EMOBON_BPNS_So_12_metag,EMOBON00086,DBG_AAAH,DBH_AAAD,https://www.qiagen.com/us/products/discovery-and-translational-research/dna-rna-purification/dna-purification/microbial-dna/dneasy-powersoil-pro-kit?catno=47016,metag,NA,NA,NA,NA,NA,NA,NA,NA,DNA Polymerase:taq Q5;NoPCRs:2;PCRvolume:30;Nocycles:10,NA,NA,0.4,35.6,Qubit dsDNA BR (Broad range) Assays kit; Qubit 2.0 Fluorometer,METAGENOMIC,NA,NA,NA,NA,NA,NA,Prod_ILL_BqADN_NEBUII_151_v4; Bq NEB Next Ultra II,PRJEB51688,PRJEB51652,NA,NA,NA,batch_1,low yields; seq library prep failed,NA,NA,NA,NA,NA,NA,NA,NA,NA,NA
EMOBON_BPNS_So_210825_micro_3,EMOBON_BPNS_So_13,EMOBON_BPNS_So_13_metag,EMOBON00087,DBG_AAAI,DBH_AAAI,https://www.qiagen.com/us/products/discovery-and-translational-research/dna-rna-purification/dna-purification/microbial-dna/dneasy-powersoil-pro-kit?catno=47016,metag,52460513,PAIRED,metag,metag,metag,metag,NA,NA,DNA Polymerase:taq Q5;NoPCRs:2;PCRvolume:30;Nocycles:10,software,Illumina NovaSeq 6000,5.56,489.3,Qubit dsDNA BR (Broad range) Assays kit; Qubit 2.0 Fluorometer,METAGENOMIC,220712_JARVIS_HMNJKDSX3,DBH_AAAIOSDA_1_HMNJKDSX3.UDI224,NA,DDC_AAAAOSDA_1_HMNJKDSX3.UDI201,NA,NA,Prod_ILL_BqADN_NEBUII_151_v4; Bq NEB Next Ultra II,PRJEB51688,PRJEB51652,NA,NA,NA,batch_1,NA,S4,151,1,UDI224,100,12-07-22,0,Y,"Duplicat pairs > 20,Adaptateurs/Kmers",Y
EMOBON_ROSKOGO_So_210826_micro_1,EMOBON_ROSKOGO_So_1,EMOBON_ROSKOGO_So_1_metag,EMOBON00088,DBG_AAAP,DBH_AAAP,https://www.qiagen.com/us/products/discovery-and-translational-research/dna-rna-purification/dna-purification/microbial-dna/dneasy-powersoil-pro-kit?catno=47016,metag,49808546,PAIRED,metag,metag,metag,metag,NA,NA,DNA Polymerase:taq Q5;NoPCRs:2;PCRvolume:30;Nocycles:10,software,Illumina NovaSeq 6000,48.3,4395.3,Qubit dsDNA BR (Broad range) Assays kit; Qubit 2.0 Fluorometer,METAGENOMIC,220712_JARVIS_HMNJKDSX3,DBH_AAAPOSDA_1_HMNJKDSX3.UDI272,NA,DDC_AAAAOSDA_1_HMNJKDSX3.UDI201,NA,NA,Prod_ILL_BqADN_NEBUII_151_v4; Bq NEB Next Ultra II,PRJEB51688,PRJEB51662,NA,NA,NA,batch_1,NA,S4,151,1,UDI272,100,12-07-22,0.01,Y,"Duplicat pairs > 20,Adaptateurs/Kmers",Y
EMOBON_ROSKOGO_So_210826_micro_2,EMOBON_ROSKOGO_So_2,EMOBON_ROSKOGO_So_2_metag,EMOBON00089,DBG_AAAQ,DBH_AAAQ,https://www.qiagen.com/us/products/discovery-and-translational-research/dna-rna-purification/dna-purification/microbial-dna/dneasy-powersoil-pro-kit?catno=47016,metag,54618972,PAIRED,metag,metag,metag,metag,NA,NA,DNA Polymerase:taq Q5;NoPCRs:2;PCRvolume:30;Nocycles:10,software,Illumina NovaSeq 6000,29.1,2619,Qubit dsDNA BR (Broad range) Assays kit; Qubit 2.0 Fluorometer,METAGENOMIC,220712_JARVIS_HMNJKDSX3,DBH_AAAQOSDA_1_HMNJKDSX3.UDI284,NA,DDC_AAAAOSDA_1_HMNJKDSX3.UDI201,NA,NA,Prod_ILL_BqADN_NEBUII_151_v4; Bq NEB Next Ultra II,PRJEB51688,PRJEB51662,NA,NA,NA,batch_1,NA,S4,151,1,UDI284,100,12-07-22,0,Y,"Duplicat pairs > 20,Adaptateurs/Kmers",Y
EMOBON_OOB_So_210818_micro_1,EMOBON_OOB_So_9,EMOBON_OOB_So_9_metag,EMOBON00090,DBG_AAAJ,DBH_AAAJ,https://www.qiagen.com/us/products/discovery-and-translational-research/dna-rna-purification/dna-purification/microbial-dna/dneasy-powersoil-pro-kit?catno=47016,metag,NA,NA,NA,NA,NA,NA,NA,NA,NA,NA,NA,NA,NA,Qubit dsDNA BR (Broad range) Assays kit; Qubit 2.0 Fluorometer,METAGENOMIC,NA,NA,NA,NA,NA,NA,Prod_ILL_BqADN_NEBUII_151_v4; Bq NEB Next Ultra II,PRJEB51688,PRJEB51665,NA,NA,NA,batch_1,non-quantifiable DNA after extraction,NA,NA,NA,NA,NA,NA,NA,NA,NA,NA
EMOBON_OOB_So_210818_micro_2,EMOBON_OOB_So_10,EMOBON_OOB_So_10_metag,EMOBON00091,DBG_AAAK,DBH_AAAK,https://www.qiagen.com/us/products/discovery-and-translational-research/dna-rna-purification/dna-purification/microbial-dna/dneasy-powersoil-pro-kit?catno=47016,metag,NA,NA,NA,NA,NA,NA,NA,NA,NA,NA,NA,NA,NA,Qubit dsDNA BR (Broad range) Assays kit; Qubit 2.0 Fluorometer,METAGENOMIC,NA,NA,NA,NA,NA,NA,Prod_ILL_BqADN_NEBUII_151_v4; Bq NEB Next Ultra II,PRJEB51688,PRJEB51665,NA,NA,NA,batch_1,non-quantifiable DNA after extraction,NA,NA,NA,NA,NA,NA,NA,NA,NA,NA
EMOBON_RFormosa_So_210805_micro_1,EMOBON_RFormosa_So_1,EMOBON_RFormosa_So_1_metag,EMOBON00092,DBG_AAAL,DBH_AAAL,https://www.qiagen.com/us/products/discovery-and-translational-research/dna-rna-purification/dna-purification/microbial-dna/dneasy-powersoil-pro-kit?catno=47016,metag,61701779,PAIRED,metag,metag,metag,metag,NA,NA,DNA Polymerase:taq Q5;NoPCRs:2;PCRvolume:30;Nocycles:10,software,Illumina NovaSeq 6000,9.05,823.6,Qubit dsDNA BR (Broad range) Assays kit; Qubit 2.0 Fluorometer,METAGENOMIC,220712_JARVIS_HMNJKDSX3,DBH_AAALOSDA_1_HMNJKDSX3.UDI236,NA,DDC_AAAAOSDA_1_HMNJKDSX3.UDI201,NA,NA,Prod_ILL_BqADN_NEBUII_151_v4; Bq NEB Next Ultra II,PRJEB51688,PRJEB51661,NA,NA,NA,batch_1,NA,S4,151,1,UDI236,100,12-07-22,0,Y,"Duplicat pairs > 20,Adaptateurs/Kmers",Y
EMOBON_RFormosa_So_210805_micro_2,EMOBON_RFormosa_So_2,EMOBON_RFormosa_So_2_metag,EMOBON00093,DBG_AAAM,DBH_AAAM,https://www.qiagen.com/us/products/discovery-and-translational-research/dna-rna-purification/dna-purification/microbial-dna/dneasy-powersoil-pro-kit?catno=47016,metag,46798558,PAIRED,metag,metag,metag,metag,NA,NA,DNA Polymerase:taq Q5;NoPCRs:2;PCRvolume:30;Nocycles:10,software,Illumina NovaSeq 6000,1.17,104.1,Qubit dsDNA BR (Broad range) Assays kit; Qubit 2.0 Fluorometer,METAGENOMIC,220712_JARVIS_HMNJKDSX3,DBH_AAAMOSDA_4_HMNJKDSX3.UDI250,NA,DDC_AAAAOSDA_1_HMNJKDSX3.UDI201,NA,NA,Prod_ILL_BqADN_NEBUII_151_v4; Bq NEB Next Ultra II,PRJEB51688,PRJEB51661,NA,NA,NA,batch_1,NA,S4,151,4,UDI250,50,12-07-22,0.02,Y,"Duplicat pairs > 20,Adaptateurs/Kmers",Y
EMOBON_NRMCB_So_210621_micro_1,EMOBON_NRMCB_So_1,EMOBON_NRMCB_So_1_metag,EMOBON00094,DBG_AAAD,DBH_AAAC,https://www.qiagen.com/us/products/discovery-and-translational-research/dna-rna-purification/dna-purification/microbial-dna/dneasy-powersoil-pro-kit?catno=47016,metag,98315027,PAIRED,metag,metag,metag,metag,NA,NA,DNA Polymerase:taq Q5;NoPCRs:2;PCRvolume:30;Nocycles:11,software,Illumina NovaSeq 6000,16.7,1486.3,Qubit dsDNA BR (Broad range) Assays kit; Qubit 2.0 Fluorometer,METAGENOMIC,220223_JARVIS_HWLTKDRXY,DBH_AAACOSDA_1_HWLTKDRXY.UDI211,NA,DDC_AAAAOSDA_1_HWLTKDRXY.UDI212,DDC_AAABOSDA_1_HWLTKDRXY.UDI213,NA,Prod_ILL_BqADN_NEBUII_151_v4; Bq NEB Next Ultra II,PRJEB51688,PRJEB51658,NA,NA,NA,batch_1,NA,SP,151,1,UDI211,50,23-02-22,0,Y,Adaptateurs/Kmers,Y
EMOBON_NRMCB_So_210621_micro_2,EMOBON_NRMCB_So_2,EMOBON_NRMCB_So_2_metag,EMOBON00095,DBG_AAAE,DBH_AAAF,https://www.qiagen.com/us/products/discovery-and-translational-research/dna-rna-purification/dna-purification/microbial-dna/dneasy-powersoil-pro-kit?catno=47016,metag,49770551,PAIRED,metag,metag,metag,metag,NA,NA,DNA Polymerase:taq Q5;NoPCRs:2;PCRvolume:30;Nocycles:10,software,Illumina NovaSeq 6000,21.9,1883.4,Qubit dsDNA BR (Broad range) Assays kit; Qubit 2.0 Fluorometer,METAGENOMIC,220712_JARVIS_HMNJKDSX3,DBH_AAAFOSDA_1_HMNJKDSX3.UDI283,NA,DDC_AAAAOSDA_1_HMNJKDSX3.UDI201,NA,NA,Prod_ILL_BqADN_NEBUII_151_v4; Bq NEB Next Ultra II,PRJEB51688,PRJEB51658,NA,NA,NA,batch_1,NA,S4,151,1,UDI283,100,12-07-22,0.01,Y,"Duplicat pairs > 20,Adaptateurs/Kmers",Y
EMOBON_NRMCB_So_210831_micro_1,EMOBON_NRMCB_So_6,EMOBON_NRMCB_So_6_metag,EMOBON00097,DBG_AAAF,DBH_AAAG,https://www.qiagen.com/us/products/discovery-and-translational-research/dna-rna-purification/dna-purification/microbial-dna/dneasy-powersoil-pro-kit?catno=47016,metag,53813205,PAIRED,metag,metag,metag,metag,NA,NA,DNA Polymerase:taq Q5;NoPCRs:2;PCRvolume:30;Nocycles:10,software,Illumina NovaSeq 6000,30.5,2470.5,Qubit dsDNA BR (Broad range) Assays kit; Qubit 2.0 Fluorometer,METAGENOMIC,220712_JARVIS_HMNJKDSX3,DBH_AAAGOSDA_1_HMNJKDSX3.UDI200,NA,DDC_AAAAOSDA_1_HMNJKDSX3.UDI201,NA,NA,Prod_ILL_BqADN_NEBUII_151_v4; Bq NEB Next Ultra II,PRJEB51688,PRJEB51658,NA,NA,NA,batch_1,NA,S4,151,1,UDI200,100,12-07-22,0,Y,"Duplicat pairs > 20,Adaptateurs/Kmers",Y
EMOBON_NRMCB_So_210831_micro_2,EMOBON_NRMCB_So_7,EMOBON_NRMCB_So_7_metag,EMOBON00098,DBG_AAAG,DBH_AAAH,https://www.qiagen.com/us/products/discovery-and-translational-research/dna-rna-purification/dna-purification/microbial-dna/dneasy-powersoil-pro-kit?catno=47016,metag,50894999,PAIRED,metag,metag,metag,metag,NA,NA,DNA Polymerase:taq Q5;NoPCRs:2;PCRvolume:30;Nocycles:10,software,Illumina NovaSeq 6000,33.3,2797.2,Qubit dsDNA BR (Broad range) Assays kit; Qubit 2.0 Fluorometer,METAGENOMIC,220712_JARVIS_HMNJKDSX3,DBH_AAAHOSDA_1_HMNJKDSX3.UDI212,NA,DDC_AAAAOSDA_1_HMNJKDSX3.UDI201,NA,NA,Prod_ILL_BqADN_NEBUII_151_v4; Bq NEB Next Ultra II,PRJEB51688,PRJEB51658,NA,NA,NA,batch_1,NA,S4,151,1,UDI212,100,12-07-22,0,Y,"Duplicat pairs > 20,Adaptateurs/Kmers",Y
EMOBON_NRMCB_So_210831_micro_blank,EMOBON_NRMCB_So_10,EMOBON_NRMCB_So_10_metag,EMOBON00099,DBG_AAAC,DBH_AAAE,https://www.qiagen.com/us/products/discovery-and-translational-research/dna-rna-purification/dna-purification/microbial-dna/dneasy-powersoil-pro-kit?catno=47016,metag,43917269,PAIRED,metag,metag,metag,metag,NA,NA,DNA Polymerase:taq Q5;NoPCRs:2;PCRvolume:2;Nocycles:18,software,Illumina NovaSeq 6000,NA,NA,Qubit dsDNA BR (Broad range) Assays kit; Qubit 2.0 Fluorometer,METAGENOMIC,220712_JARVIS_HMNJKDSX3,DBH_AAAEOSDA_4_HMNJKDSX3.UDI204,NA,DDC_AAAAOSDA_1_HMNJKDSX3.UDI201,NA,NA,Prod_ILL_BqADN_NEBUII_151_v4; Bq NEB Next Ultra II,PRJEB51688,PRJEB51658,NA,NA,NA,batch_1,blank with reads,S4,151,4,UDI204,0,12-07-22,22.14,N,"Duplicat pairs > 20,% Hominidae,Adaptateurs/Kmers",N
