Metadata_term,Metadata_term_full_name,Term_Definition,Required_value_and_units,Example,Metadata_Category,Completed_by,Requirement,MiXS_mandatory_(Y/N),ENA_water_checklist_mandatory_(Y/N)
adapters,adapters,Adapters provide priming sequences for both amplification and sequencing of the sample-library fragments. Both adapters should be reported; in uppercase letters,text (adapter A and B sequence),AATGATACGGCGACCACCGAGATCTACACGCT;CAAGCAGAAGACGGCATACGAGAT,Sequencing,Genoscope; EMBRC,Mandatory (M),,
ampl_size,amplicon size,"The length of the amplicon in basepairs. If the sample is used for metagenomics add ""metag""",value,312,Analysis,Genoscope; EMBRC,Mandatory (M),,
comment,comment,Any additional comment related to this source_mat_id. Write NA if you will not ever provide a value for this term.,text,failure; not enough DNA,Sequencing,Genoscope; EMBRC,Optional (O),,
dna_conc,dna concentration after extraction,DNA concentration measured after DNA extraction,concentration in nanograms per microliter (ng/ul),194.56,Sequencing,Genoscope; EMBRC,Mandatory (M),,
dna_conc_method,dna concentration after extraction method,Method used to measure the DNA concentration after DNA extraction,text,3.0 QubitTM fluorometer,Sequencing,Genoscope; EMBRC,Mandatory (M),,
dna_quant,dna quantity after extraction,Total DNA quantity calculated from the DNA concentration measured after extraction,quantity in nanograms (ng),120,Sequencing,Genoscope; EMBRC,Mandatory (M),,
ENA_accesion_number_project,ENA project accession number,"Project accession number is a unique identifier given to aproject once the sample is registered to ENA (European Nucleotide Archive). It refers to a specific project and connected to all the samples, sequencing runs and data included.",ENA accession number,PRJEB51654,Observatory; Sequencing,Genoscope; EMBRC,Mandatory (M),,
ENA_accesion_number_umbrella,ENA umbrella study accession number,"Umbrella study accession number is a unique identifier given to an umbrella study once the sample is registered to ENA (European Nucleotide Archive). It refers to a specific umbrella study and connected to all the projects, samples, sequencing runs and data included.",ENA accession number,PRJEB51688,Observatory; Sequencing,Genoscope; EMBRC,Mandatory (M),,
extraction_blank,correspoding extraction blank sequencing reads filename,Filename given by the sequencing centre to the sequencing reads produced by the extraction blank included in the same sequencing run as the sample,text,CDX_ABMLOSTA_1_1_HGVH5DRX3.UDI363,Sequencing,Genoscope; EMBRC,Optional (O),,
instrument_model,sequencing instrument model,"Model of the sequencing instrument used; e.g. Illumina HiSeq 1000, Illumina NovaSeq 6000, Ion Torrent Proton. Permitted values are taken from the ENA Raw Read submission requirements (https://ena-docs.readthedocs.io/en/latest/submit/reads/webin-cli.html)",text,Illumina NovaSeq 6000,Sequencing,Genoscope; EMBRC,Mandatory (M),,
lib_layout,library layout,"Specify whether to expect single, paired, or other configuration of reads","text: SINGLE, PAIRED",paired,Sequencing,Genoscope; EMBRC,Mandatory (M),,
lib_reads_seqd,library reads sequenced,Total number of clones sequenced from the library,number of reads sequenced,20000000,Sequencing,Genoscope; EMBRC,Mandatory (M),,
library_source,library source,"Library source workflow followed: METAGENOMIC, GENOMIC, GENOMIC SINGLE CELL, TRANSCRIPTOMIC, TRANSCRIPTOMIC SINGLE CELL, METATRANSCRIPTOMIC, SYNTHETIC, VIRAL RNA, OTHER","text, select from the list: METAGENOMIC, GENOMIC, GENOMIC SINGLE CELL, TRANSCRIPTOMIC, TRANSCRIPTOMIC SINGLE CELL, METATRANSCRIPTOMIC, SYNTHETIC, VIRAL RNA, OTHER",METAGENOMIC,Sequencing,Genoscope; EMBRC,Mandatory (M),,
mid,multiplex identifiers,"Molecular barcodes, called Multiplex Identifiers (MIDs), that are used to specifically tag unique samples in a sequencing run. Sequence should be reported in uppercase letters",text (multiplex identifier sequence),GTGAATAT; TTTCCAGT,Sequencing,Genoscope; EMBRC,Mandatory (M),,
mock_eu,correspoding eukaryotes mock community sequencing reads filename,Filename given by the sequencing centre to the sequencing reads produced by the eukaryote mock community included in the same sequencing run as the sample,text,DDC_AAABOSDA_4_HMGW5DSX3.UDI213;,Sequencing,Genoscope; EMBRC,Mandatory (M),,
mock_pr,correspoding prokaryotes mock community sequencing reads filename,Filename given by the sequencing centre to the sequencing reads produced by the prokaryote mock community included in the same sequencing run as the sample,text,DDC_AAAAOSDA_4_HMGW5DSX3.UDI201,Sequencing,Genoscope; EMBRC,Mandatory (M),,
nucl_acid_amp,nucleic acid amplification,"A link to a literature reference, electronic resource or a standard operating procedure (SOP), that describes the enzymatic amplification (PCR, TMA, NASBA) of specific nucleic acids. If the sample is used for metagenomics add ""metag""","PMID, DOI or URL",https://phylogenomics.me/protocols/16s-pcr-protocol/,Sequencing,Genoscope; EMBRC,Mandatory (M),N,
nucl_acid_ext,nucleic acid extraction,"A link to a literature reference, electronic resource or a standard operating procedure (SOP), that describes the material separation to recover the nucleic acid fraction from a sample","PMID, DOI or URL",https://www.qiagen.com/us/products/discovery-and-translational-research/dna-rna-purification/dna-purification/microbial-dna/dneasy-powerwater-kit/,Sequencing,Genoscope; EMBRC,Mandatory (M),N,
pcr_blank_1,correspoding 1st pcr blank sequencing reads filename,Filename given by the sequencing centre to the sequencing reads produced by the 1st PCR sequencing blank included in the same sequencing run as the sample,text,CEB_DCXOSTA_1_1_HGVH5DRX3.UDI363,Sequencing,Genoscope; EMBRC,Optional (O),,
pcr_blank_2,correspoding 2nd pcr blank sequencing reads filename,Filename given by the sequencing centre to the sequencing reads produced by the 2nd PCR sequencing blank included in the same sequencing run as the sample,text,CEB_DCYOSTA_1_1_HGVH5DRX3.UDI364,Sequencing,Genoscope; EMBRC,Optional (O),,
pcr_cond,pcr conditions,"Description of reaction conditions and components of PCR in the form of  'initial denaturation:94degC_1.5min; annealing=...'. If the sample is used for metagenomics add ""metag""",text (initial denaturation:degrees_minutes;annealing:degrees_minutes;elongation:degrees_minutes;final elongation:degrees_minutes;total cycles),initial denaturation:94_3;annealing:50_1;elongation:72_1.5;final elongation:72_10;total cycles:35,Sequencing,Genoscope; EMBRC,Mandatory (M),,
pcr_primers,pcr primers,"PCR primers that were used to amplify the sequence of the targeted gene, locus or subfragment. This field should contain all the primers used for a single PCR reaction if multiple forward or reverse primers are present in a single PCR reaction. The primer sequence should be reported in uppercase letters. If the sample is used for metagenomics add ""metag""",text (FWD: forward primer sequence;REV:reverse primer sequence),FWD:GTGCCAGCMGCCGCGGTAA;REV:GGACTACHVGGGTWTCTAAT,Sequencing,Genoscope; EMBRC,Mandatory (M),,
reads_name,sequencing reads filename,Filename given by the sequencing centre to the sequencing reads produced,text,DBB_AAAEOSDA_4_HMGW5DSX3.UDI216,Sequencing,Genoscope; EMBRC,Mandatory (M),,
reads_name_rsq,re-sequencing reads filename,Filename given by the sequencing centre to the sequencing reads produced from re-sequencing. Write NA if you will not ever provide a value for this term.,text,DBB_AAAEOSDA_4_HMGW5DSX3.UDI308,Sequencing,Genoscope; EMBRC,Optional (O),,
ref_code,reference code,Reference code given by EMO BON to the sample during packaging and cataloguing,text,EMOBON00001,Sequencing,Genoscope; EMBRC,Mandatory (M),,
ref_code_sam,reference code sequencing centre (sample),Reference code given by the sequencing centre to the original sample they receive; usually this reference code is used until DNA extraction and is then substituted by the reference code sequencing centre (DNA). Write NA if you will not ever provide a value for this term.,text,DBD_AAQE,Sequencing,Genoscope; EMBRC,Mandatory (M),,
ref_code_seq,reference code sequencing centre (DNA),Reference code given by the sequencing centre to the DNA extracted from a sample during analysis; usually this reference code is used after DNA extraction and is included in the sequencing reads filename. Write NA if you will not ever provide a value for this term.,text,DBD_AAAA,Sequencing,Genoscope; EMBRC,Mandatory (M),,
run,run,Reference name given by the sequencing centre to a specific sequencing run ,text,220622_JARVIS_HMGW5DSX3,Sequencing,Genoscope; EMBRC,Mandatory (M),,
seq_batch,sequencing batch,"Batch of EMO BON samples processed together for DNA extraction, sequencing, and data acquisition",text,batch_1,Sampling; Sequencing,Genoscope; EMBRC,Mandatory (M),,
seq_quality_check,sequence quality check,"Indicate if the sequence has been called by automatic systems (none) or undergone a manual editing procedure (e.g. by inspecting the raw data or chromatograms). Applied only for sequences that are not submitted to SRA,ENA or DRA",text none or manually edited,none,Sequencing,Genoscope; EMBRC,Mandatory (M),,
sop_seq,relevant standard operating procedures for the sequencing work,Standard operating procedures used in the sequencing molecular work,text reference to SOP,http://press.igsb.anl.gov/earthmicrobiome/protocols-and-standards/its/,Sequencing,Genoscope; EMBRC,Optional (O),,
source_mat_id,source material identifiers,"Unique dentifier to each row/sample: it consists of the terms 1) Project (EMOBON) 2) Sampling Site ID; that is the Observatory ID (for example SMN99) supplemented with the sampling site indicator (Wa for water column, So for soft substrates and Ha for hard substrates) and 3) an iterator (1,2,3 etc). This is created via a google equation. To add this identifier to a new row, simply drag the value from the cell above. This column can only be filled by EMBRC.Write NA if you will not ever provide a value for this term.",text in specific format (unique sample id),EMOBON_NRMCB_So_10,Sampling; Measured; Sequencing; Post-sequencing,Genoscope; EMBRC,Mandatory (M),,
source_mat_id_an,source material identifiers analysis,"A unique identifier assigned to a material sample during the analysis and specifies an analysis stage, a step or a differentiation in the pipeline. The source material identifiers analysis consists of the source material identifiers (""source_mat_id"") and a short analysis identifier. The short analysis identifier can be ""metag"" for metagenomics, ""its metab"" for ITS metabarcoding, ""2nd time"" for a sample that failed and is analyzed again.",text in specific format (unique sample id and analysis id),EMO BON JIJO41 Wa 210828 3um_3_metag,Sampling; Measured; Sequencing; Post-sequencing,Genoscope; EMBRC,Mandatory (M),,
source_mat_id_orig,source material identifiers original,"A unique identifier assigned to a material sample according to EMO BON Handbook as added by the sampling operators. This identifier is not quality controled but remains unchanged. This identifier consists of 5 terms: 1) Project (EMOBON) 2) Sampling Site ID; that is the Observatory ID (for example SMN99) supplemented with the sampling site indicator (Wa for water column, So for soft substrates and Ha for hard substrates) 3) Sampling Campaign Date formated as YYMMDD.For example 220315 would be the campaign on 15 March 2022. Especially for Hard substrates, both the deployment and retrieval dates have to be recorded formated as YYMMDD-YYMMDD 4) Size fraction (Wa: 3um / 0.2um / 20um / 200um) or organisms collected (So: micro for microorganisms, meio for meiobenthos and macro for macrobenthos) or ARMS fraction (Ha: SF for sessile fraction, MF500 for motile fraction sieved through 0.5 mm, MF100 for motile fraction sieved through 0.1 mm) 5) Replicate number (1-4). For labelling the negative control, this term will be replaced by the notation blank. All terms must be separated by ""_""..Write NA if you will not ever provide a value for this term.",text in specific format (unique sample id),EMO BON JIJO41 Wa 210828 3um_3,Sampling; Measured; Sequencing; Post-sequencing,Genoscope; EMBRC,Mandatory (M),,
target_gene,target gene,"Targeted gene or locus name for marker gene studies (e.g. for metabarcoding). If the sample is used for metagenomics add ""metag"". In the metabarcoding framework this can take values ""18S"" or ""COI"".",text (gene name),18S,Sequencing,Genoscope; EMBRC,Mandatory (M),,
target_subfragment,target subfragment,"Name of subfragment of a gene or locus. Important to e.g. identify special regions on marker genes like V6 on 16S rRNA. If the sample is used for metagenomics add ""metag""",text (gene fragment name),V9 18S rRNA,Sequencing,Genoscope; EMBRC,Optional (O),,
url_seq,relevant electronic resources for the sequencing work,Relevant electronic resources for the sequencing molecular work. Resources may be provided for any of the steps/methods followed,text URL(s),sequencing: http://www.earthmicrobiome.org/; library preparation: https://www.thermofisher.com/gr/en/home/life-science/sequencing/next-generation-sequencing/ngs-library-preparation-illumina-systems/dna-whole-genome-sequencing-kits.html,Sequencing,Genoscope; EMBRC,Optional (O),,
flowcell,Flowcell type,The type of flowcell used on the sequencing platform,text,SP,Sequencing,Genoscope; EMBRC,Optional (O),,
no_cycl_R1,Number of useful cycles R1,Number of effective/usable sequencing cycles performed for Read 1,value,151,Sequencing,Genoscope; EMBRC,Optional (O),,
lane,Lane number,Lane number on the flowcell where the sample was sequenced,value,1,Sequencing,Genoscope; EMBRC,Optional (O),,
tag,Tag (Index),Tag (Index) used to identify the sample during demultiplexing,text,UDI235,Sequencing; Post-sequencing,Genoscope; EMBRC,Optional (O),,
dna_quant_lib,DNA quantity used in library prep,Amount of DNA used for sequencing library preparation in nanograms (ng) ,"value, quantity in nanograms (ng)",85,Sequencing,Genoscope; EMBRC,Optional (O),,
run_date,Run date,Date when the sequencing run was performed,date [YYYY-MM-DD],2022-03-22,Sequencing,Genoscope; EMBRC,Optional (O),,
hom_percentage,% Homo sapiens + Homininae + Hominidae + Hominoidea (Read 1),Percentage of reads (Read 1) classified as human (Homo sapiens) or close human relatives (primates in the Homininae/Hominidae/Hominoidea groups),value,0.01,Sequencing; Post-sequencing,Genoscope; EMBRC,Optional (O),,
QC_valid,QC valid,Indicates whether the sample passed the post-sequencing quality control (QC) checks,Y or N,Y,Sequencing; Post-sequencing,Genoscope; EMBRC,Optional (O),,
QC_summary,QC summary,The quality control (QC) summary from sequencing centre. This is a direct copy from the sequencing centre report. Therefore it may be in French,text,Adaptateurs/Kmers,Sequencing; Post-sequencing,Genoscope; EMBRC,Optional (O),,
bioinf_valid,Bioinformatics valid,Indicates whether the sample passed the bioinformatics quality checks after sequencing,Y or N,Y,Sequencing; Post-sequencing,Genoscope; EMBRC,Optional (O),,
